buyer_name,company_name,email,phone,website,country,business_category,source_platform,validation_status,classification,discovered_date
Cloud Test Buyer,Cloud Test Company,cloud-test-unique@example.com,+1 555-0199,https://cloud-test-company.com,USA,Singing Bowls Buyer,SearXNG,Valid Format,Wholesaler,2026-09-18 00:12:58
Crystal Tones,Crystal Tones,darmk03@gmail.com,,https://www.mtshastachamber.com/chamber-members/crystal-tones,California USA,Singing Bowls Distributor California Usa Buyer,SearXNG,Valid Format,Unclassified,2026-09-17 23:44:16
Crystal Tones,Crystal Tones,erika@crystaltones.com,,https://www.mtshastachamber.com/chamber-members/crystal-tones,California USA,Singing Bowls Distributor California Usa Buyer,SearXNG,Valid Format,Unclassified,2026-09-17 23:38:59
Crystal Tones,Crystal Tones,463991d7bca24f02a0baf16f9e6eda73@sentry.wixpress.com,,https://www.mtshastachamber.com/chamber-members/crystal-tones,California USA,Singing Bowls Distributor California Usa Buyer,SearXNG,Valid Format,Unclassified,2026-09-17 23:30:07
Crystal Tones,Crystal Tones,sbaldo@baldovinoswinebar.com,,https://www.mtshastachamber.com/chamber-members/crystal-tones,California USA,Singing Bowls Distributor California Usa Buyer,SearXNG,Valid Format,Unclassified,2026-09-17 23:19:38
Tika Imports,Tika Imports,email@tikaimports.com,,https://tikaimports.com/?srsltid=AU7gw4Vkg2hkNvzkKwBfwo0O0wSBYpHXARqfYniM_L4wyZQDpeiuLJuW,California USA,Singing Bowls Importer California Usa Buyer,SearXNG,Valid Format,Unclassified,2026-09-17 23:19:38
Om Bronze Singing Bowl,Om Bronze Singing Bowl,aranikoh@gmail.com,,https://samathashop.com/products/om-bronze-singing-bowl?srsltid=AU7gw4WFn8t9U0wvrUQ0UnaIkdZOr97QfdNDu-_PlOpbt2JSbaIQZW9W,California USA,Singing Bowls Buyer California Usa Buyer,SearXNG,Valid Format,Unclassified,2026-09-17 23:19:38
Crystal Tones,Crystal Tones,jandobedandbreakfast@gmail.com,,https://www.mtshastachamber.com/chamber-members/crystal-tones,California USA,Singing Bowls Distributor California Usa Buyer,SearXNG,Valid Format,Unclassified,2026-09-17 00:19:45
"Singing Bowl Bell Handmade, Tibetan Bowls, Copper","Singing Bowl Bell Handmade, Tibetan Bowls, Copper",support@lifechangingenergy.com,,https://www.lifechangingenergy.com/products/singing-bowl-bell-handmade-tibetan-bowls-copper?srsltid=AU7gw4Uq49Bjjf9ePN302Ii-tCSoGpyfwe_y5wUc1GlBLkYl04KoVHDA,California USA,Singing Bowl Wholesale Buyer California Usa Buyer,SearXNG,Valid Format,Unclassified,2026-09-17 00:19:45
Gongs Unlimited,Gongs Unlimited,info@gongs-unlimited.com,,https://gongs-unlimited.com/?srsltid=AU7gw4WcQZLeB53tFZ3xMT2h-9hL-i_rJvgde03MjDs7teElBVUtA2tn,California USA,Singing Bowls Wholesaler California Usa Buyer,SearXNG,Valid Format,Unclassified,2026-09-16 00:44:21
Crystal Tones,Crystal Tones,info@theclandestinousa.com,,https://www.mtshastachamber.com/chamber-members/crystal-tones,California USA,Singing Bowls Distributor California Usa Buyer,SearXNG,Valid Format,Unclassified,2026-09-16 00:44:21
Online Vst Singing Bowl Vibrational Sound Therapy Certification ...,Online Vst Singing Bowl Vibrational Sound Therapy Certification ...,vibrationalsound@gmail.com,,https://www.vibrationalsoundassociation.com/online-vst-singing-bowl-vibrational-sound-therapy-certification-course-september-1-30-2026/,California USA,Himalayan Singing Bowls Importer California Usa Buyer,SearXNG,Valid Format,Unclassified,2026-09-16 00:44:21
Crystal Tones,Crystal Tones,bargainbasecamp01@gmail.com,,https://www.mtshastachamber.com/chamber-members/crystal-tones,California USA,Singing Bowls Distributor California Usa Buyer,SearXNG,Valid Format,Unclassified,2026-09-16 00:33:00
Crystal Singing Bowls,Crystal Singing Bowls,info@kinunifiedhealinginstitute.com,,https://kinunifiedhealing.com/collections/crystal-sound-bowls?srsltid=AU7gw4Ug-IaSmg3q9D6NJu8NpuZBHHHdMx2WCzBlwLZ7ZV3VF1tWhVsI,California USA,Singing Bowl Retailer California Usa Buyer,SearXNG,Valid Format,Unclassified,2026-09-16 00:32:30
Crystal Tones,Crystal Tones,9a65e97ebe8141fca0c4fd686f70996b@sentry.wixpress.com,,https://www.mtshastachamber.com/chamber-members/crystal-tones,California USA,Singing Bowls Distributor California Usa Buyer,SearXNG,Valid Format,Unclassified,2026-09-16 00:24:43
Singing Bowls,Singing Bowls,info@songofindia.com,,https://songofindia.com/collections/singing-bowls?srsltid=AU7gw4XKm4EX0H8lLOgbgWmNgKpzZgkhuxXB6KV7l9Fd_DfKZ--IVMMF,California USA,Himalayan Singing Bowls Wholesaler California Usa Buyer,SearXNG,Valid Format,Unclassified,2026-09-16 00:24:43
Lsb,Lsb,info@himalaya-clothing.com,,https://himalaya-clothing.com/product/detail/lsb-01,California USA,Himalayan Singing Bowls Distributor California Usa Buyer,SearXNG,Valid Format,Unclassified,2026-09-16 00:24:43
Crystal Tones,Crystal Tones,kristine.barker@sci-us.com,,https://www.mtshastachamber.com/chamber-members/crystal-tones,California USA,Singing Bowls Distributor California Usa Buyer,SearXNG,Valid Format,Unclassified,2026-09-16 00:08:27
"What Is The Difference Between Tibetan Singing Bowls, Himalayan Singing Bowls, And Crystal Sound Bowls?","What Is The Difference Between Tibetan Singing Bowls, Himalayan Singing Bowls, And Crystal Sound Bowls?",info@himalayanbzr.com,,https://www.himalayanbazaar.com/collections/singing-bowl,California USA,Himalayan Singing Bowls Buyer California Usa Buyer,SearXNG,Valid Format,Unclassified,2026-09-16 00:08:27
Singing Bowl Collection,Singing Bowl Collection,contactus@lovenspire.com,,https://lovenspire.com/collections/singing-bowl?srsltid=AU7gw4VzdClMoztxDkowcjau8HrcJ2s3UcGJDciTeunp5aWC8zjK8yzS,California USA,Singing Bowls Distributor California Usa Buyer,SearXNG,Valid Format,Unclassified,2026-09-15 23:57:18
Crystal Tones,Crystal Tones,frank.wanner@sndits.com,,https://www.mtshastachamber.com/chamber-members/crystal-tones,California USA,Singing Bowls Distributor California Usa Buyer,SearXNG,Valid Format,Unclassified,2026-09-15 23:57:18
Navadurga Handicrafts & Singing Bowl House,Navadurga Handicrafts & Singing Bowl House,office@downtownalameda.com,,https://downtownalameda.com/bizdirectory/navadurga/,California USA,Singing Bowls Importer California Usa Buyer,SearXNG,Valid Format,Unclassified,2026-09-15 23:57:18
Singing Bowl With Mallet,Singing Bowl With Mallet,customercare@worldmarket.com,,https://www.worldmarket.com/p/singing-bowl-with-mallet-608336.html?srsltid=AU7gw4WRBXVilNpkn-3DrDuUz5L6CROcEUlDdem29GY_tcJe_iuTwx-J,California USA,Singing Bowls Buyer California Usa Buyer,SearXNG,Valid Format,Unclassified,2026-09-15 23:57:18
Crystal Bowls,Crystal Bowls,order@earthselements.com,,https://earthselementswholesale.com/collections/crystal-bowls?srsltid=AU7gw4V9Mtnuz1Hnqcz_dU0fgKY9f9KzNOryu1pNDfb78G_dqttTITu0,California USA,Singing Bowls Wholesale California Usa Buyer,SearXNG,Valid Format,Unclassified,2026-09-15 23:57:18
Metal Singing Bowls,Metal Singing Bowls,online@earthselements.com,,https://www.earthselements.com/collections/metal-singing-bowls?srsltid=AU7gw4UD0xpjicr90JTnP00H47kI76ZUxrSAUF8_5jLrjz8P40UldGMR,California USA,Singing Bowls Wholesaler California Usa Buyer,SearXNG,Valid Format,Unclassified,2026-09-15 23:57:18
Healing Tibetan Singing Bowl,Healing Tibetan Singing Bowl,support@simprosys.com,,https://mindfulandmodern.com/products/singing-bowl?srsltid=AU7gw4Varc5gxtDqgrER_ZABc8TyKnQj-S9WFti6FThioWJaAEXdROnl,California USA,Tibetan Singing Bowls Wholesaler California Usa Buyer,SearXNG,Valid Format,Unclassified,2026-09-15 23:57:18
Lsb,Lsb,himalayahandmade@gmail.com,,https://himalaya-clothing.com/product/detail/lsb-01,California USA,Himalayan Singing Bowls Distributor California Usa Buyer,SearXNG,Valid Format,Unclassified,2026-09-15 23:57:18
Nava Handicrafts,Nava Handicrafts,navahandicrafts@gmail.com,,https://navahandicrafts.com/,California USA,Singing Bowl Retailer California Usa Buyer,SearXNG,Valid Format,Unclassified,2026-09-15 23:57:18
Zenprospera Singing Bowl™,Zenprospera Singing Bowl™,flow@zenprospera.com,,https://zenprospera.com/products/6-inch-tibetan-singing-bowl?srsltid=AU7gw4X1sCI3Bm4e9G63FOR5m53RTbf6fec2dFiANwxhetuaLBZl1xBU,California USA,Singing Bowl Retailer California Usa Buyer,SearXNG,Valid Format,Unclassified,2026-09-15 23:57:18
Terms And Conditions,Terms And Conditions,hello@divinebowls.love,,https://www.divinebowls.love/terms-and-conditions?srsltid=AU7gw4XF3jLii8vE8F4-a12LsvkyaKYV834jAuRR60XtUx2YRPfqITn3,California USA,Singing Bowls Wholesale Supplier California Usa Buyer,SearXNG,Valid Format,Unclassified,2026-09-15 23:57:18
Zenprospera Singing Bowl™,Zenprospera Singing Bowl™,connect@circleuped.com,,https://zenprospera.com/products/6-inch-tibetan-singing-bowl?srsltid=AU7gw4USzLb0yUAIdQPIKDg2_FO7lZCK2vA1kjJvitMSfb46SAhxjNAe,California USA,Singing Bowl Shop California Usa Buyer,SearXNG,Valid Format,Unclassified,2026-09-15 23:57:18
"Kala Imports Llc, Beautiful Handmade Stuff From Around The World","Kala Imports Llc, Beautiful Handmade Stuff From Around The World",info@kalaimports.com,,https://www.kalaimports.com/,California USA,Singing Bowls Importer California Usa Buyer,SearXNG,Valid Format,Unclassified,2026-09-15 23:57:18
Yoga Supplies,Yoga Supplies,sales@wholesaleworldmarket.com,,https://wholesaleworldmarket.com/yoga-supplies/singing-bowls/,California USA,Singing Bowls Wholesale Supplier California Usa Buyer,SearXNG,Valid Format,Unclassified,2026-09-15 23:57:18
Crystal Bowls,Crystal Bowls,sales@earthselements.com,,https://earthselementswholesale.com/collections/crystal-bowls?srsltid=AU7gw4VWWEUKo7rEwOuTfaE9tenQFsfIZ57EcOjiBGIyVMhsHtKOHvxF,California USA,Singing Bowls Wholesale Company California Usa Buyer,SearXNG,Valid Format,Unclassified,2026-09-15 23:57:18
Roasted Cauliflower Hummus Bowls Recipe,Roasted Cauliflower Hummus Bowls Recipe,hello@pinchofyum.com,,https://pinchofyum.com/roasted-cauliflower-hummus-bowls,Usa,Tibetan Singing Bowls Importer Usa Buyer,Tavily,Valid Format,Unclassified,2026-09-15 00:12:30
Himalayan Singing Bowls,Himalayan Singing Bowls,8eb368c655b84e029ed79ad7a5c1718e@sentry.wixpress.com,,https://www.toneoflife.com/post/himalayan-singing-bowls,Usa,Himalayan Singing Bowls Importer Usa Buyer,Tavily,Valid Format,Unclassified,2026-09-15 00:12:30
The Walt Disney Company,The Walt Disney Company,disneyshareholder@computershare.com,,https://thewaltdisneycompany.com,Usa,Singing Bowls Wholesale Company Usa Buyer,Tavily,Valid Format,Unclassified,2026-09-15 00:12:30
The Company Of Biologists,The Company Of Biologists,advertising@biologists.com,,https://www.biologists.com,Usa,Singing Bowls Wholesale Company Usa Buyer,Tavily,Valid Format,Unclassified,2026-09-15 00:12:30
Contact,Contact,sales-us@colt.net,,https://www.colt.net/contact,Usa,Tibetan Singing Bowls Importer Usa Buyer,Tavily,Valid Format,Unclassified,2026-09-14 23:21:06
Contact Us,Contact Us,complianceofficer@tjx.com,,https://www.tjx.com/contact-us,Usa,Tibetan Singing Bowls Importer Usa Buyer,Tavily,Valid Format,Unclassified,2026-09-14 23:21:06
Manufacturing Usa,Manufacturing Usa,manufacturingusa@nist.gov,,https://www.manufacturingusa.com,Usa,Singing Bowl Store Usa Buyer,Tavily,Valid Format,Unclassified,2026-09-14 23:21:06
The Walt Disney Company,The Walt Disney Company,twdc.pressinquiries@disney.com,,https://thewaltdisneycompany.com,Usa,Singing Bowls Wholesale Company Usa Buyer,Tavily,Valid Format,Unclassified,2026-09-14 23:21:06
The Company Of Biologists,The Company Of Biologists,datap@biologists.com,,https://www.biologists.com,Usa,Singing Bowls Wholesale Company Usa Buyer,Tavily,Valid Format,Unclassified,2026-09-14 23:21:06
Singing Bowl,Singing Bowl,kilatechapps@gmail.com,,https://www.artoftibet.com/collections/singing-bowl,Usa,Tibetan Singing Bowls Importer Usa Buyer,Tavily,Valid Format,Unclassified,2026-09-13 00:02:57
Centralized Mail,Centralized Mail,mailsupport@doit.gov.np,,https://mail.nepal.gov.np,Usa,Singing Bowls Distributor Usa Buyer,Tavily,Valid Format,Unclassified,2026-09-12 23:50:54
Retail,Retail,info@cannabis.ca.gov,,https://www.cannabis.ca.gov/licensees/retail,Usa,Singing Bowl Retailer Usa Buyer,Tavily,Valid Format,Unclassified,2026-09-12 23:50:54
"Find Us Buyers, Importers, Distributors","Find Us Buyers, Importers, Distributors",team@usetorg.com,,https://usetorg.com/buyers/usa,Usa,Singing Bowl Wholesale Buyer Usa Importer (Searxng),SearXNG,Valid Format,Unclassified,2026-09-12 01:12:57
National Shippers Contact List,National Shippers Contact List,jimp@1sourcemarketing.com,,https://www.ams.usda.gov/sites/default/files/media/NationalShippersContactList.pdf,Usa,Singing Bowl Wholesale Buyer Usa Importer (Searxng),SearXNG,Valid Format,Unclassified,2026-09-12 01:12:57
Biology With Tibetan Buddhist Monks,Biology With Tibetan Buddhist Monks,globalsponsor@theconversation.com,,https://theconversation.com/biology-with-tibetan-buddhist-monks-what-im-taking-back-to-my-college-classroom-from-teaching-at-a-monastery-176222,Usa,Tibetan Singing Bowls Wholesaler Usa Buyer,Tavily,Valid Format,Unclassified,2026-09-12 01:12:57
Wholesale Singing Bowls Supplier,Wholesale Singing Bowls Supplier,customercare@somethingdifferentwholesale.co.uk,,https://www.somethingdifferentwholesale.co.uk/spiritual-ethnic-wellbeing/singing-bowls,Usa,Singing Bowls Wholesale Supplier Usa Buyer,Tavily,Valid Format,Unclassified,2026-09-12 01:12:57
Biology With Tibetan Buddhist Monks,Biology With Tibetan Buddhist Monks,global-support@theconversation.com,,https://theconversation.com/biology-with-tibetan-buddhist-monks-what-im-taking-back-to-my-college-classroom-from-teaching-at-a-monastery-176222,Usa,Tibetan Singing Bowls Wholesaler Usa Buyer,Tavily,Valid Format,Unclassified,2026-09-12 00:50:13
Greek Yogurt Bowls (Without Protein Powder!),Greek Yogurt Bowls (Without Protein Powder!),detoxinista@gmail.com,,https://detoxinista.com/greek-yogurt-bowls,Usa,Tibetan Singing Bowls Importer Usa Buyer,Tavily,Valid Format,Unclassified,2026-09-12 00:50:13
The Walt Disney Company,The Walt Disney Company,corp.comm.india@disney.com,,https://thewaltdisneycompany.com,Usa,Singing Bowls Wholesale Company Usa Buyer,Tavily,Valid Format,Unclassified,2026-09-12 00:50:13
Bp United States,Bp United States,helpdeskmailbox@bp.com,1788802,https://www.bp.com/en-US,Usa,Singing Bowls Wholesale Company Usa Buyer,Tavily,Valid Format,Unclassified,2026-09-12 00:50:13
Contact,Contact,contact@singingbowlsoftherockies.com,,https://www.singingbowlsoftherockies.com/contact,Usa,Singing Bowls Distributor Usa Buyer,Tavily,Valid Format,Unclassified,2026-09-12 00:35:49
Rite Aid Banned From Using Ai Facial Recognition After Ftc Says Retailer Deployed Technology Without Reasonable Safeguards,Rite Aid Banned From Using Ai Facial Recognition After Ftc Says Retailer Deployed Technology Without Reasonable Safeguards,hcmoemployment@ftc.gov,,https://www.ftc.gov/news-events/news/press-releases/2023/12/rite-aid-banned-using-ai-facial-recognition-after-ftc-says-retailer-deployed-technology-without,Usa,Singing Bowl Retailer Usa Buyer,Tavily,Valid Format,Unclassified,2026-09-12 00:35:49
Wholesale Singing Bowls Supplier,Wholesale Singing Bowls Supplier,sales@somethingdifferentwholesale.co.uk,,https://www.somethingdifferentwholesale.co.uk/spiritual-ethnic-wellbeing/singing-bowls,Usa,Singing Bowls Wholesale Supplier Usa Buyer,Tavily,Valid Format,Unclassified,2026-09-12 00:35:49
Biology With Tibetan Buddhist Monks,Biology With Tibetan Buddhist Monks,globalpartnerships@theconversation.com,,https://theconversation.com/biology-with-tibetan-buddhist-monks-what-im-taking-back-to-my-college-classroom-from-teaching-at-a-monastery-176222,Usa,Tibetan Singing Bowls Wholesaler Usa Buyer,Tavily,Valid Format,Unclassified,2026-09-12 00:11:14
Snap Retailer Data,Snap Retailer Data,rpmdhq-web@fns.usda.gov,,https://www.fna.usda.gov/snap/retailer/data,Usa,Singing Bowl Retailer Usa Buyer,Tavily,Valid Format,Unclassified,2026-09-12 00:11:14
Rite Aid Banned From Using Ai Facial Recognition After Ftc Says Retailer Deployed Technology Without Reasonable Safeguards,Rite Aid Banned From Using Ai Facial Recognition After Ftc Says Retailer Deployed Technology Without Reasonable Safeguards,opa@ftc.gov,,https://www.ftc.gov/news-events/news/press-releases/2023/12/rite-aid-banned-using-ai-facial-recognition-after-ftc-says-retailer-deployed-technology-without,Usa,Singing Bowl Retailer Usa Buyer,Tavily,Valid Format,Unclassified,2026-09-12 00:11:14
The Walt Disney Company,The Walt Disney Company,responsibility@twdc.com,,https://thewaltdisneycompany.com,Usa,Singing Bowls Wholesale Company Usa Buyer,Tavily,Valid Format,Unclassified,2026-09-12 00:11:14
Bp United States,Bp United States,webreseau.cergy@eurogarages.com,1788802,https://www.bp.com/en-US,Usa,Singing Bowls Wholesale Company Usa Buyer,Tavily,Valid Format,Unclassified,2026-09-12 00:11:14
Home Page,Home Page,info@tnp.org,,https://tnp.org,Usa,Tibetan Singing Bowls Wholesaler Usa Buyer,Tavily,Valid Format,Unclassified,2026-09-11 23:40:35
Biology With Tibetan Buddhist Monks,Biology With Tibetan Buddhist Monks,privacy@theconversation.edu.au,,https://theconversation.com/biology-with-tibetan-buddhist-monks-what-im-taking-back-to-my-college-classroom-from-teaching-at-a-monastery-176222,Usa,Tibetan Singing Bowls Wholesaler Usa Buyer,Tavily,Valid Format,Unclassified,2026-09-11 23:40:35
Bp United States,Bp United States,bpmerewards@bp.com,1788802,https://www.bp.com/en-US,Usa,Singing Bowls Wholesale Company Usa Buyer,Tavily,Valid Format,Unclassified,2026-09-11 23:40:35
The Company Of Biologists,The Company Of Biologists,prelights@biologists.com,,https://www.biologists.com,Usa,Singing Bowls Wholesale Company Usa Buyer,Tavily,Valid Format,Unclassified,2026-09-11 23:40:35
Contact • Himalayan Singing Bowls,Contact • Himalayan Singing Bowls,live.template.editor@gmail.com,,https://singingbowls.himalayas.life/contact,Usa,Himalayan Singing Bowls Distributor Usa Buyer,Tavily,Valid Format,Unclassified,2026-09-11 23:40:15
Home Page,Home Page,infoindia@tnp.org,,https://tnp.org,Usa,Tibetan Singing Bowls Wholesaler Usa Buyer,Tavily,Valid Format,Unclassified,2026-09-11 23:15:23
Biology With Tibetan Buddhist Monks,Biology With Tibetan Buddhist Monks,globalrepublish@theconversation.com,,https://theconversation.com/biology-with-tibetan-buddhist-monks-what-im-taking-back-to-my-college-classroom-from-teaching-at-a-monastery-176222,Usa,Tibetan Singing Bowls Wholesaler Usa Buyer,Tavily,Valid Format,Unclassified,2026-09-11 23:15:23
Himalayan Highlands,Himalayan Highlands,wcsgroupsales@wcs.org,,https://bronxzoo.com/things-to-do/exhibits/himalayan-highlands,Usa,Himalayan Singing Bowls Distributor Usa Buyer,Tavily,Valid Format,Unclassified,2026-09-11 23:15:23
Usa Pickleball,Usa Pickleball,webmaster@wsilogix.com,,https://usapickleball.org,Usa,Singing Bowl Store Usa Buyer,Tavily,Valid Format,Unclassified,2026-09-11 23:15:23
The Sound Journey Store,The Sound Journey Store,relax@soundjourneystore.com,,https://soundjourneystore.com/?srsltid=AfmBOoqkYgFLRAZblf-NkmzfK9yzyy0EXraFYUabd0f5kXRF22fz4mhy,Usa,Singing Bowls Wholesale Supplier Usa Importer (Searxng),SearXNG,Valid Format,Unclassified,2026-09-11 23:15:23
Net Zero Company Benchmark,Net Zero Company Benchmark,benchmark@climateaction100.org,,https://www.climateaction100.org/net-zero-company-benchmark,Usa,Singing Bowls Wholesale Company Usa Buyer,Tavily,Valid Format,Unclassified,2026-09-11 23:15:23
Bp United States,Bp United States,contact@bpcardservice.ch,1788802,https://www.bp.com/en-US,Usa,Singing Bowls Wholesale Company Usa Buyer,Tavily,Valid Format,Unclassified,2026-09-11 23:15:23
Native American Seed,Native American Seed,info@seedsource.com,,https://seedsource.com,Usa,Singing Bowls Wholesale Company Usa Buyer,Tavily,Valid Format,Unclassified,2026-09-11 23:15:23
The Company Of Biologists,The Company Of Biologists,meetings@biologists.com,,https://www.biologists.com,Usa,Singing Bowls Wholesale Company Usa Buyer,Tavily,Valid Format,Unclassified,2026-09-11 23:15:23
Silver Sky Imports Rebrands As Soundtopia,Silver Sky Imports Rebrands As Soundtopia,info@issuewire.com,,https://www.issuewire.com/silver-sky-imports-rebrands-as-soundtopia-1865269591468919,Usa,Singing Bowls Wholesale Usa Importer (Searxng),SearXNG,Valid Format,Unclassified,2026-09-11 01:04:39
Himalayan Highlands,Himalayan Highlands,guestrelations@wcs.org,,https://bronxzoo.com/things-to-do/exhibits/himalayan-highlands,Usa,Himalayan Singing Bowls Buyer Usa Buyer,Tavily,Valid Format,Unclassified,2026-09-11 00:49:34
Bp United States,Bp United States,referencerequestuk@bp.com,1788802,https://www.bp.com/en-US,Usa,Singing Bowl Shop Usa Buyer,Tavily,Valid Format,Unclassified,2026-09-11 00:49:34
Himalayan Highlands,Himalayan Highlands,mdixon@wcs.org,,https://bronxzoo.com/things-to-do/exhibits/himalayan-highlands,Usa,Himalayan Singing Bowls Distributor Usa Buyer,Tavily,Valid Format,Unclassified,2026-09-11 00:33:15
Donald Trump Schenkte Natalie Harp 45.000 Dollar Zu ...,Donald Trump Schenkte Natalie Harp 45.000 Dollar Zu ...,vertrieb@faz.de,,https://www.faz.net/aktuell/politik/usa-unter-trump/liveticker-usa-unter-trump-donald-trump-schenkte-natalie-harp-45-000-dollar-zu-weihnachten-faz-19444916.html,Usa,Himalayan Singing Bowls Importer Usa Buyer,Tavily,Valid Format,Unclassified,2026-09-11 00:33:15
Usa Unter Trump Trump Verspricht Jedem Us,Usa Unter Trump Trump Verspricht Jedem Us,presse@faz.de,,https://www.faz.net/aktuell/politik/usa-unter-trump/liveticker-usa-unter-trump-trump-verspricht-jedem-us-buerger-5000-dollar-bei-wahlsieg-der-republikaner-faz-19444916.html,Usa,Himalayan Singing Bowls Importer Usa Buyer,Tavily,Valid Format,Unclassified,2026-09-11 00:33:15
The Walt Disney Company And Tiktok Announce A First,The Walt Disney Company And Tiktok Announce A First,corp.communications.ltam.twdc@disney.com,,https://thewaltdisneycompany.com/news/tiktok-content-sharing-deal,Usa,Singing Bowls Wholesale Company Usa Buyer,Tavily,Valid Format,Unclassified,2026-09-11 00:33:15
Welcome To The Om Shoppe,Welcome To The Om Shoppe,care@theomshoppe.com,,https://www.theomshoppe.com,Usa,Tibetan Singing Bowls Distributor Usa Buyer,Tavily,Valid Format,Unclassified,2026-09-11 00:16:28
Wholesale Testing Services,Wholesale Testing Services,fednow.media@chi.frb.org,,https://www.frbservices.org/contactus/fedwire-testing.html,Usa,Singing Bowls Wholesaler Usa Buyer,Tavily,Valid Format,Unclassified,2026-09-11 00:16:28
Himalayan Highlands,Himalayan Highlands,admin@tractionondemand.com,,https://bronxzoo.com/things-to-do/exhibits/himalayan-highlands,Usa,Himalayan Singing Bowls Distributor Usa Buyer,Tavily,Valid Format,Unclassified,2026-09-11 00:16:10
Our Melody In Any Valley,Our Melody In Any Valley,email@desiringgod.org,,https://www.desiringgod.org/messages/our-melody-in-any-valley,Usa,Singing Bowl Retailer Usa Buyer,Tavily,Valid Format,Unclassified,2026-09-11 00:16:10
The Walt Disney Company And Tiktok Announce A First,The Walt Disney Company And Tiktok Announce A First,disney.archives@disney.com,,https://thewaltdisneycompany.com/news/tiktok-content-sharing-deal,Usa,Singing Bowls Wholesale Company Usa Buyer,Tavily,Valid Format,Unclassified,2026-09-11 00:16:10
Terms And Conditions,Terms And Conditions,info@himalayancrafthouse.com,,https://himalayancrafthouse.com/terms-and-conditions/,Usa,Himalayan Singing Bowls Wholesaler Usa Importer (Searxng),SearXNG,Valid Format,Unclassified,2026-09-10 00:49:16
We Review The Himalayan Grill & Bar,We Review The Himalayan Grill & Bar,accounting@417mag.com,,https://www.417mag.com/food-drink/review-himalayan-grill-bar,Usa,Himalayan Singing Bowls Buyer Usa Buyer,Tavily,Valid Format,Unclassified,2026-09-10 00:49:16
Himalayan Highlands,Himalayan Highlands,bzeducation@wcs.org,,https://bronxzoo.com/things-to-do/exhibits/himalayan-highlands,Usa,Himalayan Singing Bowls Buyer Usa Buyer,Tavily,Valid Format,Unclassified,2026-09-10 00:49:16
Singing Bowl Wholesale From Nepal,Singing Bowl Wholesale From Nepal,purchasing@company.com,,https://studenthandicrafts.com/categories/singing-bowl/,Usa,Singing Bowl Retailer Usa Importer (Searxng),SearXNG,Valid Format,Unclassified,2026-09-10 00:49:16
Himalayan Highlands,Himalayan Highlands,events@wcs.org,,https://bronxzoo.com/things-to-do/exhibits/himalayan-highlands,Usa,Himalayan Singing Bowls Distributor Usa Buyer,Tavily,Valid Format,Unclassified,2026-09-10 00:24:50
The Company Of Biologists,The Company Of Biologists,dev@biologists.com,,https://www.biologists.com,Usa,Singing Bowls Wholesale Company Usa Buyer,Tavily,Valid Format,Unclassified,2026-09-10 00:24:50
We Review The Himalayan Grill & Bar,We Review The Himalayan Grill & Bar,ekingham@417mag.com,,https://www.417mag.com/food-drink/review-himalayan-grill-bar,Usa,Himalayan Singing Bowls Buyer Usa Buyer,Tavily,Valid Format,Unclassified,2026-09-10 00:08:29
Himalayan Highlands,Himalayan Highlands,vipexperiences@wcs.org,,https://bronxzoo.com/things-to-do/exhibits/himalayan-highlands,Usa,Himalayan Singing Bowls Buyer Usa Buyer,Tavily,Valid Format,Unclassified,2026-09-10 00:08:29
Buy Singing Bowl Online In Globally,Buy Singing Bowl Online In Globally,support@silkrute.com,,https://www.silkrute.com/home-decor/musical-instruments/singing-bowl,Usa,Singing Bowl Store Usa Buyer,Tavily,Valid Format,Unclassified,2026-09-10 00:08:29
Etched Handmade Singing Bowls,Etched Handmade Singing Bowls,info@shakti.life,,https://sarveda.com/store/sound-musical-instruments/singing-bowls-bells/etched-handmade-singing-bowls,Usa,Singing Bowls Distributor Usa Buyer,Tavily,Valid Format,Unclassified,2026-09-09 23:57:33
Contact,Contact,2960adcdd7704551bff19823820fca44@sentry.wixpress.com,,https://www.singingbowlsoftherockies.com/contact,Usa,Singing Bowls Distributor Usa Buyer,Tavily,Valid Format,Unclassified,2026-09-09 23:57:33
Wholesale Testing Services,Wholesale Testing Services,frfs.media@chi.frb.org,,https://www.frbservices.org/contactus/fedwire-testing.html,Usa,Singing Bowls Wholesaler Usa Buyer,Tavily,Valid Format,Unclassified,2026-09-09 23:49:55
Tibetan Sun,Tibetan Sun,info@jimthompsonusa.com,,https://www.jimthompsonfabrics.com/product/tibetan-sun/JT013329002,Usa,Tibetan Singing Bowls Wholesaler Usa Buyer,Tavily,Valid Format,Unclassified,2026-09-09 23:49:55
Himalayan Highlands,Himalayan Highlands,donate@wcs.org,,https://bronxzoo.com/things-to-do/exhibits/himalayan-highlands,Usa,Himalayan Singing Bowls Distributor Usa Buyer,Tavily,Valid Format,Unclassified,2026-09-09 23:49:55
Company,Company,events@companybar.co,,https://companybar.co,Usa,Singing Bowls Wholesale Company Usa Buyer,Tavily,Valid Format,Unclassified,2026-09-09 23:49:55
Etched Handmade Singing Bowls,Etched Handmade Singing Bowls,care@sarveda.com,,https://sarveda.com/store/sound-musical-instruments/singing-bowls-bells/etched-handmade-singing-bowls,Usa,Singing Bowls Distributor Usa Buyer,Tavily,Valid Format,Unclassified,2026-09-09 23:49:55
Contact,Contact,f36cc48fb72b4d298c835f2793cf3b84@sentry-next.wixpress.com,,https://www.singingbowlsoftherockies.com/contact,Usa,Singing Bowls Distributor Usa Buyer,Tavily,Valid Format,Unclassified,2026-09-09 23:49:55
Himalayan Singing Bowls,Himalayan Singing Bowls,271e9fa3230b4eec94b02bf95780f5f2@sentry.wixpress.com,,https://www.toneoflife.com/post/himalayan-singing-bowls,Usa,Himalayan Singing Bowls Importer Usa Buyer,Tavily,Valid Format,Unclassified,2026-09-09 23:48:04
"Chess Sets, Boards, Pieces, & Supplies","Chess Sets, Boards, Pieces, & Supplies",info@wholesalechess.com,,https://www.wholesalechess.com,Usa,Singing Bowls Wholesaler Usa Buyer,Tavily,Valid Format,Unclassified,2026-09-09 23:32:00
Home,Home,info@buyerpersona.com,,https://buyerpersona.com,Usa,Singing Bowls Buyer Usa Buyer,Tavily,Valid Format,Unclassified,2026-09-09 23:32:00
Tibetan Sun,Tibetan Sun,youremail@mail.com,,https://www.jimthompsonfabrics.com/product/tibetan-sun/JT013329002,Usa,Tibetan Singing Bowls Wholesaler Usa Buyer,Tavily,Valid Format,Unclassified,2026-09-09 23:32:00
Himalayan Highlands,Himalayan Highlands,onlinetickets@wcs.org,,https://bronxzoo.com/things-to-do/exhibits/himalayan-highlands,Usa,Himalayan Singing Bowls Distributor Usa Buyer,Tavily,Valid Format,Unclassified,2026-09-09 23:32:00
Himalayan Singing Bowls,Himalayan Singing Bowls,2062d0a4929b45348643784b5cb39c36@sentry.wixpress.com,,https://www.toneoflife.com/post/himalayan-singing-bowls,Usa,Himalayan Singing Bowls Importer Usa Buyer,Tavily,Valid Format,Unclassified,2026-09-09 23:32:00
Wholesale Testing Services,Wholesale Testing Services,siteinfo@frbservices.org,,https://www.frbservices.org/contactus/fedwire-testing.html,Usa,Singing Bowls Wholesaler Usa Buyer,Tavily,Valid Format,Unclassified,2026-09-09 23:19:05
Tibetan Sun,Tibetan Sun,frank.cancelloni@jimthompson.com,,https://www.jimthompsonfabrics.com/product/tibetan-sun/JT013329002,Usa,Tibetan Singing Bowls Wholesaler Usa Buyer,Tavily,Valid Format,Unclassified,2026-09-09 23:19:05
Warm Chickpea Bowls With Lemony Yogurt Recipe,Warm Chickpea Bowls With Lemony Yogurt Recipe,help@newyorker.com,,https://www.bonappetit.com/recipe/warm-chickpea-bowls-with-lemony-yogurt,Usa,Tibetan Singing Bowls Importer Usa Buyer,Tavily,Valid Format,Unclassified,2026-09-09 23:19:05
Himalayan Highlands,Himalayan Highlands,membership@wcs.org,,https://bronxzoo.com/things-to-do/exhibits/himalayan-highlands,Usa,Himalayan Singing Bowls Distributor Usa Buyer,Tavily,Valid Format,Unclassified,2026-09-09 23:19:05
Meditation,Meditation,global.mindfulness.center@gmail.com,,https://www.tarabrach.com/meditation-the-rain-of-self-compassion,Usa,Himalayan Singing Bowls Distributor Usa Buyer,Tavily,Valid Format,Unclassified,2026-09-09 23:19:05
Himalayan Singing Bowls,Himalayan Singing Bowls,460ff4620fa44cba8df530afde949785@sentry.wixpress.com,,https://www.toneoflife.com/post/himalayan-singing-bowls,Usa,Himalayan Singing Bowls Importer Usa Buyer,Tavily,Valid Format,Unclassified,2026-09-09 23:19:05
Learn To Sing With Confidence And Joy,Learn To Sing With Confidence And Joy,nancy@salwen.net,,https://fearofsinging.com,Usa,Singing Bowl Retailer Usa Buyer,Tavily,Valid Format,Unclassified,2026-09-09 23:19:05
The Singing Bowl Manufacturer & Exporter Since 1959,The Singing Bowl Manufacturer & Exporter Since 1959,you@email.com,,https://singingbowlsexporters.com,Usa,Singing Bowl Shop Usa Buyer,Tavily,Valid Format,Unclassified,2026-09-09 23:19:05
Company,Company,info@companybar.co,,https://companybar.co,Usa,Singing Bowls Wholesale Company Usa Buyer,Tavily,Valid Format,Unclassified,2026-09-09 23:19:05
Company Definition & Meaning,Company Definition & Meaning,325506e3332d487999567a7bc91d151d@bug-reporting-xalgha6.m-w.com,,https://www.merriam-webster.com/dictionary/company,Usa,Singing Bowls Wholesale Company Usa Buyer,Tavily,Valid Format,Unclassified,2026-09-09 23:19:05
Singing Bowls,Singing Bowls,dd@gmail.com,,https://oceaniclink.com/product-category/meditation-tools/singing-bowls,Usa,Singing Bowls Wholesaler Usa Buyer,Tavily,Valid Format,Unclassified,2026-09-09 00:11:01
Himalayan Singing Bowls,Himalayan Singing Bowls,5d1795a2db124a268f1e1bd88f503500@sentry.wixpress.com,,https://www.toneoflife.com/post/himalayan-singing-bowls,Usa,Himalayan Singing Bowls Distributor Usa Buyer,Tavily,Valid Format,Unclassified,2026-09-09 00:11:01
Chunky Wands For Himalayan Singing Bowls – Soundworkssoundtherapy,Chunky Wands For Himalayan Singing Bowls – Soundworkssoundtherapy,orders.soundworks@gmail.com,,https://soundworkssoundtherapy.com/products/chunky-wands-for-himalayan-singing-bowls,Usa,Himalayan Singing Bowls Distributor Usa Buyer,Tavily,Valid Format,Unclassified,2026-09-09 00:11:01
Himalayan Singing Bowls,Himalayan Singing Bowls,info@originalbuddhas.com,,https://antique-singing-bowls.com/buddhist-singing-bowls/himalayan-singing-bowls,Usa,Himalayan Singing Bowls Distributor Usa Buyer,Tavily,Valid Format,Unclassified,2026-09-08 23:52:42
Himalayan Singing Bowls,Himalayan Singing Bowls,dd0a55ccb8124b9c9d938e3acf41f8aa@sentry.wixpress.com,,https://www.toneoflife.com/post/himalayan-singing-bowls,Usa,Himalayan Singing Bowls Distributor Usa Buyer,Tavily,Valid Format,Unclassified,2026-09-08 23:52:42
Chunky Wands For Himalayan Singing Bowls – Soundworkssoundtherapy,Chunky Wands For Himalayan Singing Bowls – Soundworkssoundtherapy,support@soundworkssoundtherapy.com,,https://soundworkssoundtherapy.com/products/chunky-wands-for-himalayan-singing-bowls,Usa,Himalayan Singing Bowls Distributor Usa Buyer,Tavily,Valid Format,Unclassified,2026-09-08 23:52:42
Contact,Contact,info@himalayansoundsingingbowl.com,,https://himalayansoundsingingbowl.com/contact,Usa,Himalayan Singing Bowls Importer Usa Buyer,Tavily,Valid Format,Unclassified,2026-09-08 23:52:42
Singing Bowl,Singing Bowl,susan@terremusic.com,,https://www.terremusic.com/collections/singing-bowl,Usa,Singing Bowl Retailer Usa Buyer,Tavily,Valid Format,Unclassified,2026-09-08 23:52:42
"Contact Us, Singing Bowl Sounds","Contact Us, Singing Bowl Sounds",bachhaladevitraders76@gmail.com,0034666,https://www.singingbowlsound.com/contact-us,Usa,Singing Bowls Distributor Usa Buyer,Tavily,Valid Format,Unclassified,2026-09-08 23:52:42
Site Notice – Silent Mind,Site Notice – Silent Mind,support@silentmindbowls.com,,https://www.silentmindsingingbowls.com/pages/site-notice,Usa,Singing Bowl Retailer Usa Buyer,Tavily,Valid Format,Unclassified,2026-09-08 23:52:42
Singing Bowls – The Gong Shop,Singing Bowls – The Gong Shop,941071-855-225-7372info@thegongshop.com,,https://thegongshop.com/collections/singing-bowls,Usa,Singing Bowl Store Usa Buyer,Tavily,Valid Format,Unclassified,2026-09-08 23:52:42
Tibetan Singing Bowls – The Everest Trader,Tibetan Singing Bowls – The Everest Trader,sales@theeveresttrader.com,,https://www.theeveresttrader.com/collections/singing-bowls,Usa,Tibetan Singing Bowls Buyer Usa Buyer,Tavily,Valid Format,Unclassified,2026-09-08 23:52:42
Contact Us,Contact Us,hello@shantibowl.com,,https://www.shantibowl.com/pages/contact-us,Usa,Singing Bowls Distributor Usa Buyer,Tavily,Valid Format,Unclassified,2026-09-08 23:52:42
Singing Bowl,Singing Bowl,shop@wu-dang-pai.de,,https://shop.wu-dang-pai.de/produkt/singing-bowl,Usa,Singing Bowl Shop Usa Buyer,Tavily,Valid Format,Unclassified,2026-09-08 23:52:42
Wholesale Singing Bowls,Wholesale Singing Bowls,info@dharmashop.com,,https://www.dharmashop.com/blogs/news/wholesale-singing-bowls,Usa,Singing Bowls Wholesaler Usa Buyer,Tavily,Valid Format,Unclassified,2026-09-08 00:30:51
"Crystal Singing Bowl, Manufacturer – Soundello","Crystal Singing Bowl, Manufacturer – Soundello",sara@soundello.com,+8613798,https://www.soundello.com,Usa,Singing Bowls Wholesaler Usa Buyer,Tavily,Valid Format,Unclassified,2026-09-08 00:30:51
Temple Sounds Tibetan Singing Bowls,Temple Sounds Tibetan Singing Bowls,knightpeople@msn.com,,http://www.templesounds.net,Usa,Singing Bowls Distributor Usa Buyer,Tavily,Valid Format,Unclassified,2026-09-08 00:30:51
Crystal Tones® Alchemy Crystal Singing Bowls – Sacred Sound Of The Soul,Crystal Tones® Alchemy Crystal Singing Bowls – Sacred Sound Of The Soul,ryanlstanley@hotmail.com,,https://sacredsoundofthesoul.com,Usa,Singing Bowls Distributor Usa Buyer,Tavily,Valid Format,Unclassified,2026-09-08 00:30:51
Singing Bowls,Singing Bowls,oceanic@oceaniclink.com,,https://oceaniclink.com/product-category/meditation-tools/singing-bowls,Usa,Singing Bowls Distributor Usa Buyer,Tavily,Valid Format,Unclassified,2026-09-08 00:30:51
Singing Bowls Importers,Singing Bowls Importers,brs@yao.com,,https://www.exporthub.com/importers/singing-bowls,Usa,Singing Bowls Importer Usa Buyer,Tavily,Valid Format,Unclassified,2026-09-08 00:30:51
The Complete Guide To Buying A Singing Bowl,The Complete Guide To Buying A Singing Bowl,narek@musicofwisdom.com,,https://meditationmusiclibrary.com/blogs/wednesday-wisdom-blog/the-complete-guide-to-buying-a-singing-bowl,Usa,Singing Bowls Buyer Usa Buyer,Tavily,Valid Format,Unclassified,2026-09-08 00:30:51
Wholesale Singing Bowl,Wholesale Singing Bowl,support@katmandutrading.com,,https://katmandutrading.com/products/wholesale-singing-bowl,Usa,Tibetan Singing Bowls Wholesaler Usa Buyer,Tavily,Valid Format,Unclassified,2026-09-08 00:30:51
Himalayan Blackberry Pie,Himalayan Blackberry Pie,myname@email.com,,https://food52.com/recipes/6603-himalayan-blackberry-pie,Usa,Himalayan Singing Bowls Distributor Usa Buyer,Tavily,Valid Format,Unclassified,2026-09-08 00:30:51
"A 3,500","A 3,500",intake@cycleworld.com,,https://www.cycleworld.com/story/motorcycle-reviews/3500-mile-royal-enfield-himalayan-summer,Usa,Himalayan Singing Bowls Distributor Usa Buyer,Tavily,Valid Format,Unclassified,2026-09-08 00:30:51
Himalayan Salt Vs Sea Salt,Himalayan Salt Vs Sea Salt,contactwhatsinthepan@gmail.com,,https://whatsinthepan.com/himalayan-salt-vs-sea-salt,Usa,Himalayan Singing Bowls Distributor Usa Buyer,Tavily,Valid Format,Unclassified,2026-09-08 00:30:51
Contact Us,Contact Us,legislative.affairs@eda.gov,,https://www.eda.gov/about/contact,Usa,Singing Bowls Wholesale Usa Buyer,Tavily,Valid Format,Unclassified,2026-09-08 00:30:51
The Value Of Hymn Singing,The Value Of Hymn Singing,admissions@reformationbiblecollege.org,,https://reformationbiblecollege.org/blog/the-value-of-hymn-singing,Usa,Tibetan Singing Bowls Distributor Usa Buyer,Tavily,Valid Format,Unclassified,2026-09-08 00:30:51
About Our Singing Bowls,About Our Singing Bowls,guy@bellsofbliss.com,,https://bellsofbliss.com/pages/about-our-singing-bowls,Usa,Tibetan Singing Bowls Importer Usa Buyer,Tavily,Valid Format,Unclassified,2026-09-08 00:30:51
Email,Email,jayapal.casework@mail.house.gov,,https://jayapal.house.gov/contact/email,Usa,Himalayan Singing Bowls Wholesaler Usa Buyer,Tavily,Valid Format,Unclassified,2026-09-08 00:30:51
Meditation,Meditation,contact@tarabrach.com,,https://www.tarabrach.com/meditation-the-rain-of-self-compassion,Usa,Himalayan Singing Bowls Distributor Usa Buyer,Tavily,Valid Format,Unclassified,2026-09-08 00:30:51
"Himalayan Singing Bowl And Trading, Street 17, Pokhara, Np","Himalayan Singing Bowl And Trading, Street 17, Pokhara, Np",help@mapquest.com,,https://www.mapquest.com/np/himalayan-singing-bowl-and-trading-803880454,Usa,Himalayan Singing Bowls Importer Usa Buyer,Tavily,Valid Format,Unclassified,2026-09-08 00:30:51
Contact,Contact,seaofart@gmail.com,,https://himalayansoundsingingbowl.com/contact,Usa,Himalayan Singing Bowls Buyer Usa Buyer,Tavily,Valid Format,Unclassified,2026-09-08 00:30:51
Usa Today,Usa Today,accuracy@usatoday.com,,https://www.usatoday.com,Usa,Singing Bowl Retailer Usa Buyer,Tavily,Valid Format,Unclassified,2026-09-08 00:30:51
Singing Bowls,Singing Bowls,info@thegongshop.com,,https://thegongshop.com/collections/singing-bowls,Usa,Singing Bowl Shop Usa Buyer,Tavily,Valid Format,Unclassified,2026-09-08 00:30:51
Wholesale,Wholesale,wholesale@stansdonuts.com,,https://www.stansdonuts.com/wholesale,Usa,Singing Bowls Wholesale Usa Buyer,Tavily,Valid Format,Unclassified,2026-09-08 00:29:13
Wholesale Testing Services,Wholesale Testing Services,syswtscustomertesting@frb.org,,https://www.frbservices.org/contactus/fedwire-testing.html,Usa,Singing Bowls Wholesale Usa Buyer,Tavily,Valid Format,Unclassified,2026-09-08 00:29:13
Tibetan Sun,Tibetan Sun,enquiries@jimthompson.com,,https://www.jimthompsonfabrics.com/product/tibetan-sun/JT013329002,Usa,Tibetan Singing Bowls Wholesaler Usa Buyer,Tavily,Valid Format,Unclassified,2026-09-08 00:29:13
"Vermont’S Tibetan, Nepalese Communities Grieve After Flooding","Vermont’S Tibetan, Nepalese Communities Grieve After Flooding",diane.landry@wcax.com,,https://www.wcax.com/2026/08/29/vermonts-tibetan-nepalese-communities-grieve-after-flooding,Usa,Tibetan Singing Bowls Wholesaler Usa Buyer,Tavily,Valid Format,Unclassified,2026-09-08 00:29:13
Brush Work Tibetan Knot,Brush Work Tibetan Knot,info@perennialsfabrics.com,,https://www.perennialsfabrics.com/product/brush-work-tibetan-knot,Usa,Tibetan Singing Bowls Wholesaler Usa Buyer,Tavily,Valid Format,Unclassified,2026-09-08 00:29:13
Tibetan Vegetable Momos With Spicy Sesame Tomato Chutney • The Curious Chickpea,Tibetan Vegetable Momos With Spicy Sesame Tomato Chutney • The Curious Chickpea,eva@thecuriouschickpea.com,,https://www.thecuriouschickpea.com/tibetan-vegetable-momos-with-spicy-sesame-tomato-chutney,Usa,Tibetan Singing Bowls Wholesaler Usa Buyer,Tavily,Valid Format,Unclassified,2026-09-08 00:29:13
Singing Bowl,Singing Bowl,info@artoftibet.com,,https://www.artoftibet.com/collections/singing-bowl,Usa,Tibetan Singing Bowls Importer Usa Buyer,Tavily,Valid Format,Unclassified,2026-09-08 00:29:13
Singing Sound Bowl Wholesale Supplier,Singing Sound Bowl Wholesale Supplier,hello@mindfulstore.com.au,,https://mindfulstore.com.au/pages/wholesale,Usa,Himalayan Singing Bowls Wholesaler Usa Buyer,Tavily,Valid Format,Unclassified,2026-09-08 00:29:13
Buying Something Other Than A Royal Enfield Himalayan ...,Buying Something Other Than A Royal Enfield Himalayan ...,tips@rideapart.com,,https://www.rideapart.com/reviews/731072/royal-enfield-himalayan-450-adventure-motorcycle-review,Usa,Himalayan Singing Bowls Distributor Usa Buyer,Tavily,Valid Format,Unclassified,2026-09-08 00:29:13
Tibetan Therapy Singing Bowls – Human Body Healing Throungh Sound Bowls,Tibetan Therapy Singing Bowls – Human Body Healing Throungh Sound Bowls,nepalartshop@outlook.com,+977 9860,https://www.nepalartshop.com/itching-tibetan-singing-bowls/tibetan-therapy-singing-bowl.php,Usa,Singing Bowls Importer,Tavily,Valid Format,Unclassified,2026-09-07 23:54:03
Wholesale Yoga Accessories & Equipment Supply To Usa,Wholesale Yoga Accessories & Equipment Supply To Usa,info@accessoryarcade.com,,https://www.yogasourcing.com/yoga-supplier-united-states-of-america/,Usa,Singing Bowls Wholesale Usa Importer (Searxng),SearXNG,Valid Format,Unclassified,2026-09-07 23:42:39
Wholesale Singing Bowl Shipping & Lead Times,Wholesale Singing Bowl Shipping & Lead Times,besthimalayaglobal@gmail.co,+9779851,https://besthimalaya.com/blogs/singing-bowl/wholesale-singing-bowl-shipping-lead-times-what-global-buyers-need-to-know,Usa,Singing Bowls Importer,Tavily,Valid Format,Unclassified,2026-09-07 23:38:23
Singing Bowl Wholesale From Nepal,Singing Bowl Wholesale From Nepal,support@studenthandicrafts.co,,https://studenthandicrafts.com/categories/singing-bowl/,Usa,Singing Bowl Wholesaler Usa Importer (Searxng),SearXNG,Valid Format,Unclassified,2026-09-07 23:38:23
Bodhisattva Trading Company,Bodhisattva Trading Company,info@bodhisattva.co,,https://bodhisattva.com/,Usa,Tibetan Singing Bowl Retailer Usa Importer (Searxng),SearXNG,Valid Format,Unclassified,2026-09-07 23:38:23
Contact Us – Singing Bowl Sound And Craft,Contact Us – Singing Bowl Sound And Craft,info@bowlsound.co,,https://bowlsound.com/pages/contact-us,Usa,Singing Bowl Wholesale Buyer Usa Importer (Searxng),SearXNG,Valid Format,Unclassified,2026-09-07 23:38:23
Contact – Bowls Of Sound,Contact – Bowls Of Sound,bowlsofsound44@gmail.co,,https://bowlsofsound.com/pages/contact,Usa,Singing Bowl Store Usa Importer (Searxng),SearXNG,Valid Format,Unclassified,2026-09-07 23:38:23
Wholesale Yoga Props,Wholesale Yoga Props,%20sales@mefree.co,,https://mefree.com/pages/wholesale,Usa,Yoga Products Wholesaler Usa Importer (Searxng),SearXNG,Valid Format,Unclassified,2026-09-07 23:38:23
Vd Importers — Wholesale Distributor In Florida,Vd Importers — Wholesale Distributor In Florida,support@smokeaxis.co,,https://smokeaxis.com/suppliers/vd-importers,Usa,Spiritual Products Wholesaler Usa Importer (Searxng),SearXNG,Valid Format,Unclassified,2026-09-07 23:38:23
Directory Of Spirits Importers Worldwide,Directory Of Spirits Importers Worldwide,info@beveragetradenetwork.co,,https://beveragetradenetwork.com/en/company/spirits-importer-2/page-1/,Usa,Spiritual Products Wholesaler Usa Importer (Searxng),SearXNG,Valid Format,Unclassified,2026-09-07 23:38:23
Contact Us,Contact Us,u003ecommunity@liforme.co,,https://liforme.com/pages/contact-us,Usa,Yoga Products Wholesaler Usa Importer (Searxng),SearXNG,Valid Format,Unclassified,2026-09-07 23:38:23
"Spirits Importers, Distributors Platform","Spirits Importers, Distributors Platform",info@bestwineimporters.co,,https://www.bestwineimporters.com/spirits-importers/,Usa,Spiritual Products Wholesaler Usa Importer (Searxng),SearXNG,Valid Format,Unclassified,2026-09-07 23:38:23
"Kontapel, Ukrainian Brand Now Calling Usa Spirits Importers ...","Kontapel, Ukrainian Brand Now Calling Usa Spirits Importers ...",aakash@usaspiritsratings.co,,https://usaspiritsratings.com/en/blog/producer-profiles-2507/kontapel-ukrainian-brand-now-calling-usa-spirits-importers-distributors-371.htm,Usa,Spiritual Products Wholesaler Usa Importer (Searxng),SearXNG,Valid Format,Unclassified,2026-09-07 23:38:23
"Wine And Spirits Distributors Importers In Usa, China, Uk, Japan ...","Wine And Spirits Distributors Importers In Usa, China, Uk, Japan ...",ergt@internationalbeveragenetwork.co,,https://www.internationalbeveragenetwork.com/,Usa,Spiritual Products Wholesaler Usa Importer (Searxng),SearXNG,Valid Format,Unclassified,2026-09-07 23:38:23
Singing Bowls Importers,Singing Bowls Importers,ec8@yao.co,,https://www.exporthub.com/importers/singing-bowls,Usa,Singing Bowls Importer,Tavily,Valid Format,Unclassified,2026-09-07 23:30:17
Contact,Contact,info@soundtopia.co,,https://www.soundtopia.com/pages/contact-us.html,Usa,Singing Bowls Importer,Tavily,Valid Format,Unclassified,2026-09-07 23:30:17
Wholesale Singing Bowl Shipping & Lead Times,Wholesale Singing Bowl Shipping & Lead Times,business@besthimalaya.co,+9779851,https://besthimalaya.com/blogs/singing-bowl/wholesale-singing-bowl-shipping-lead-times-what-global-buyers-need-to-know,Usa,Singing Bowls Importer,Tavily,Valid Format,Unclassified,2026-09-07 23:30:17
"Usa Singing Bowls Importers, Buyers And Distributors","Usa Singing Bowls Importers, Buyers And Distributors",contactus@tradekey.co,,https://importer.tradekey.com/us/singing-bowls.htm,Usa,Singing Bowls Importer,Tavily,Valid Format,Unclassified,2026-09-07 23:30:17
"Premium Singing Bowls Exporter To Usa, Best Tibetan Handcrafted ...","Premium Singing Bowls Exporter To Usa, Best Tibetan Handcrafted ...",export@singingbowlsspecialist.co,,https://www.singingbowlusa.com/,Usa,Singing Bowls Wholesaler Usa Importer (Searxng),SearXNG,Valid Format,Unclassified,2026-09-07 23:30:17
Gopali Authentic Tibetan Singing Bowls & Sound Healing In St ...,Gopali Authentic Tibetan Singing Bowls & Sound Healing In St ...,gopaliimports@gmail.co,,https://gopaliimports.com/,Usa,Singing Bowls Wholesaler Usa Importer (Searxng),SearXNG,Valid Format,Unclassified,2026-09-07 23:30:17
About Us,About Us,info@indiancraftcentre.co,,https://www.indiancraftcentre.com/about-us,Usa,Singing Bowls Wholesaler Usa Importer (Searxng),SearXNG,Valid Format,Unclassified,2026-09-07 23:30:17
Singing Bowl Exporters,Singing Bowl Exporters,info@ranasingingbowlcentre.co,,https://www.ranasingingbowlcentre.com/,Usa,Singing Bowls Wholesaler Usa Importer (Searxng),SearXNG,Valid Format,Unclassified,2026-09-07 23:30:17
"Singing Bowl Manufacturer, Himalayan Tibetan Hand Made Singing ...","Singing Bowl Manufacturer, Himalayan Tibetan Hand Made Singing ...",contact@domain.co,,https://www.singingbowlsspecialist.com/,Usa,Singing Bowls Importer Usa Importer (Searxng),SearXNG,Valid Format,Unclassified,2026-09-07 23:30:17
Wholesale Yoga Accessories & Equipment Supply To Usa,Wholesale Yoga Accessories & Equipment Supply To Usa,info@accessoryarcade.co,,https://www.yogasourcing.com/yoga-supplier-united-states-of-america/,Usa,Singing Bowls Wholesale Buyer Usa Importer (Searxng),SearXNG,Valid Format,Unclassified,2026-09-07 23:30:17
Trader,Trader,info@rawsomeshack.com,,https://www.rawsomeshack.in/profile.html,Usa,Sound Healing Products Distributor Usa Importer (Searxng),SearXNG,Valid Format,Unclassified,2026-09-07 23:30:17
Meditation,Meditation,contact@fitness-wholesale.co,,https://fitness-wholesale.com/myga/meditation,Usa,Meditation Products Wholesaler Usa Importer (Searxng),SearXNG,Valid Format,Unclassified,2026-09-07 23:30:17
Yoga & Wellness Products Exporters & Suppliers,Yoga & Wellness Products Exporters & Suppliers,info@naviexports.co,,https://www.naviexports.com/beauty-body-fitness-products/yoga-wellness-products/,Usa,Meditation Products Wholesaler Usa Importer (Searxng),SearXNG,Valid Format,Unclassified,2026-09-07 23:30:17
The Surya Exports,The Surya Exports,admin1405@suryaincense.co,,https://suryaincense.com/,Usa,Meditation Products Wholesaler Usa Importer (Searxng),SearXNG,Valid Format,Unclassified,2026-09-07 23:30:17
Viajyshree Golden Nag Meditation Incense Sticks Online,Viajyshree Golden Nag Meditation Incense Sticks Online,info@meghaaromatics.co,,https://www.meghaaromatics.com/vijayshree-golden-nag-meditation-incense-sticks,Usa,Meditation Products Wholesaler Usa Importer (Searxng),SearXNG,Valid Format,Unclassified,2026-09-07 23:30:17
"Wholesale Yoga Mats, Yoga Props, Yoga Equipment With Yoga Hustle","Wholesale Yoga Mats, Yoga Props, Yoga Equipment With Yoga Hustle",helpme@yogahustle.co,,https://yogahustle.com/pages/wholesale,Usa,Yoga Products Wholesaler Usa Importer (Searxng),SearXNG,Valid Format,Unclassified,2026-09-07 23:30:17
Wholesale Yoga Props,Wholesale Yoga Props,sales@mefree.co,,https://mefree.com/pages/wholesale,Usa,Yoga Products Wholesaler Usa Importer (Searxng),SearXNG,Valid Format,Unclassified,2026-09-07 23:30:17
The Sound Journey Store,The Sound Journey Store,email@example.co,,https://soundjourneystore.com/,Usa,Singing Bowls Retailer Usa Importer (Searxng),SearXNG,Valid Format,Unclassified,2026-09-07 23:30:17
Home Page,Home Page,orderdesk@natures-artifacts.co,,https://natures-artifacts.com/,Usa,Meditation Products Wholesaler Usa Importer (Searxng),SearXNG,Valid Format,Unclassified,2026-09-07 23:30:17
Zed Black,Zed Black,example@yourdomain.co,,https://www.zedblack.com/,Usa,Meditation Products Wholesaler Usa Importer (Searxng),SearXNG,Valid Format,Unclassified,2026-09-07 23:30:17
Incense Stick Exporter From India,Incense Stick Exporter From India,scalaneinternational@gmail.co,,https://scalaneglobal.com/incense-stick-exporter-from-india/,Usa,Meditation Products Wholesaler Usa Importer (Searxng),SearXNG,Valid Format,Unclassified,2026-09-07 23:29:28
Wholesale Cork Yoga Mat,Wholesale Cork Yoga Mat,sales@yanrefitness.co,,https://www.yanrefitness.com/wholesale-cork-yoga-mat/,Usa,Yoga Products Wholesaler Usa Importer (Searxng),SearXNG,Valid Format,Unclassified,2026-09-07 23:29:28
"Boxing, Mma, Yoga, Fitness, Combat Sports Equipment & Gear ...","Boxing, Mma, Yoga, Fitness, Combat Sports Equipment & Gear ...",xxx@xxx.xxx,,https://rdxsports.com/,Usa,Yoga Products Wholesaler Usa Importer (Searxng),SearXNG,Valid Format,Unclassified,2026-09-07 23:29:28
Antique Himalayan Singing Bowl Sets,Antique Himalayan Singing Bowl Sets,info@soundtopia.com,,https://www.soundtopia.com/categories/himalayan-singing-bowls/himalayan-singing-bowl-sets/antique-himalayan-singing-bowl-sets/,Usa,Singing Bowls Seller Importer (Searxng),SearXNG,Valid Format,Unclassified,2026-09-07 22:28:45
1000 European Garment Buyers List,1000 European Garment Buyers List,jubao@lingying.com,,https://www.linkedin.com/posts/apparelbuyercontact_1000-european-garment-buyers-list-activity-7059911337740546048-vB3r,Usa,Singing Bowls Seller Importer (Searxng),SearXNG,Valid Format,Unclassified,2026-09-07 22:28:45
"Sungwon Distributor Llc Importer/Buyer Data In Usa, Sungwon Distributor Llc Imports Data","Sungwon Distributor Llc Importer/Buyer Data In Usa, Sungwon Distributor Llc Imports Data",info@seair.co.in,,https://www.seair.co.in/us-import/i-sungwon-distributor-llc.aspx,Usa,Singing Bowls Seller Importer,Tavily,Valid Format,Unclassified,2026-09-07 22:28:45
"Premium Singing Bowls Exporter To Usa, Best Tibetan Handcrafted ...","Premium Singing Bowls Exporter To Usa, Best Tibetan Handcrafted ...",export@singingbowlsspecialist.com,,https://www.singingbowlusa.com/,Usa,Singing Bowls Seller Importer (Searxng),SearXNG,Valid Format,Unclassified,2026-09-07 22:28:45
Handmade Singing Bowls,Handmade Singing Bowls,info@nepalartshop.com,+977 9860,https://www.nepalartshop.com/handmade-singing-bowls/28.php,Usa,Singing Bowls Seller Importer,Tavily,Valid Format,Unclassified,2026-09-07 22:28:45
Handmade Singing Bowls,Handmade Singing Bowls,nepalartshop@gmail.com,977 9860,https://www.nepalartshop.com/handmade-singing-bowls/30.php,Usa,Singing Bowls Seller Importer,Tavily,Valid Format,Unclassified,2026-09-07 22:28:45
Contact Granducati Usa Importer & Distributor,Contact Granducati Usa Importer & Distributor,contact@granducati.com,,https://granducati.com/en-ca/pages/contact,Usa,Singing Bowls Seller Importer,Tavily,Valid Format,Unclassified,2026-09-07 22:28:45
About Us,About Us,info@indiancraftcentre.com,,https://www.indiancraftcentre.com/about-us,Usa,Singing Bowls Seller Importer (Searxng),SearXNG,Valid Format,Unclassified,2026-09-07 22:28:45
Contact Us – Singing Bowl Sound And Craft,Contact Us – Singing Bowl Sound And Craft,info@bowlsound.com,,https://bowlsound.com/pages/contact-us,Usa,Singing Bowls Seller Importer (Searxng),SearXNG,Valid Format,Unclassified,2026-09-07 22:28:45
Contact Us,Contact Us,support@himalayanbowls.com,,https://www.himalayanbowls.com/pages/contact-us,Usa,Singing Bowls Seller Importer (Searxng),SearXNG,Valid Format,Unclassified,2026-09-07 22:28:45
Singing Bowl Exporters,Singing Bowl Exporters,info@ranasingingbowlcentre.com,,https://www.ranasingingbowlcentre.com/,Usa,Singing Bowls Seller Importer (Searxng),SearXNG,Valid Format,Unclassified,2026-09-07 22:28:45
Importer & Distributor Business Sold,Importer & Distributor Business Sold,bo@synergybb.com,,https://synergybb.com/listings/importer-distributor-sold,Usa,Singing Bowls Seller Importer,Tavily,Valid Format,Unclassified,2026-09-07 22:28:45
Usa Distributor – Akios Fishing Tackle,Usa Distributor – Akios Fishing Tackle,jmonemorecast@aol.com,,https://akiosfishingtackle.com/usa-distributor,Usa,Singing Bowls Seller Usa Importer,Tavily,Valid Format,Unclassified,2026-09-05 00:22:55
Tequila Importer & Distributor Of Ultra Premium Tequila Products In The Usa,Tequila Importer & Distributor Of Ultra Premium Tequila Products In The Usa,solidrock4uall@live.com,,https://corazonazulspirits.com/about-us/tequila-importer-distributor-of-ultra-premium-tequila-products-in-the-usa-6324048,Usa,Singing Bowls Seller Usa Importer,Tavily,Valid Format,Unclassified,2026-09-05 00:22:55
Contact Us,Contact Us,hello@soundtherapyshop.com,,https://soundtherapyshop.com/pages/contact,Usa,Singing Bowls Seller Usa Importer (Searxng),SearXNG,Valid Format,Unclassified,2026-09-05 00:22:55
"Top 30 Leather Whole Seller In Usa (United States) ~ Top Buyer Seller List Of Usa, Uk, Canada, South Africa, Germany, India For Fashion, Leather","Top 30 Leather Whole Seller In Usa (United States) ~ Top Buyer Seller List Of Usa, Uk, Canada, South Africa, Germany, India For Fashion, Leather",sales@nationaldropshippers.com,,http://topbuyersellerlist.blogspot.com/2016/09/top-30-leather-whole-seller-in-usa.html,Usa,Singing Bowls Seller Usa Importer,Tavily,Valid Format,Unclassified,2026-09-05 00:22:55
Handmade Singing Bowl Manufacturer And Exporter,Handmade Singing Bowl Manufacturer And Exporter,nishant.singingbowls@gmail.com,,https://singingbowlsexporter.com/,Usa,Singing Bowls Importer Importer (Searxng),SearXNG,Valid Format,Unclassified,2026-09-05 00:18:48
"Croatia Stone Buyer, Croatian Stone Importer, Stone Wholesaler","Croatia Stone Buyer, Croatian Stone Importer, Stone Wholesaler",service@stoneadd.com,,https://www.stoneadd.com/web/Croatia-Stone-Buyer.asp,Usa,Singing Bowls Importer Importer,Tavily,Valid Format,Unclassified,2026-09-05 00:18:48
"Importer, Distributor Or Agent.","Importer, Distributor Or Agent.",info@saudgloves.com,,https://www.linkedin.com/pulse/importer-distributor-agent-peter-struikman,Usa,Singing Bowls Importer Importer,Tavily,Valid Format,Unclassified,2026-09-05 00:18:48
Jack Importer Email & Phone Number,Jack Importer Email & Phone Number,customer-service@connexy.com,,https://cmjcenter.org/profile/jack-importer/8326709,Usa,Singing Bowls Importer Importer,Tavily,Valid Format,Unclassified,2026-09-05 00:18:48
List Of Licensed Importers – Npqsd,List Of Licensed Importers – Npqsd,pqsbpi@gmail.com,,https://npqsd.bpi-npqsd.com.ph/list-of-licensed-importers/,Usa,Singing Bowls Importer (Searxng),SearXNG,Valid Format,Unclassified,2026-09-05 00:11:22
Bodhisattva Trading Company,Bodhisattva Trading Company,info@bodhisattva.com,,https://bodhisattva.com/,Usa,Singing Bowls Usa Importer (Searxng),SearXNG,Valid Format,Unclassified,2026-09-05 00:07:43
Singing Bowls Importers,Singing Bowls Importers,ec8@yao.com,,https://www.exporthub.com/importers/singing-bowls,Usa,Singing Bowls Usa Importer,Tavily,Valid Format,Unclassified,2026-09-05 00:07:43
Handcrafted Singing Bowls In Usa,Handcrafted Singing Bowls In Usa,business@besthimalaya.com,+9779851,https://besthimalaya.com/collections/singing-bowls-in-usa,Usa,Singing Bowls Usa Importer (Searxng),SearXNG,Valid Format,Unclassified,2026-09-05 00:07:43
Crystal Tones® Alchemy Crystal Singing Bowls,Crystal Tones® Alchemy Crystal Singing Bowls,info@sacredsoundofthesoul.com,,https://sacredsoundofthesoul.com,Usa,Singing Bowls Usa Importer,Tavily,Valid Format,Unclassified,2026-09-05 00:07:43
Contact – Bowls Of Sound,Contact – Bowls Of Sound,bowlsofsound44@gmail.com,,https://bowlsofsound.com/pages/contact,Usa,Singing Bowls Usa Importer (Searxng),SearXNG,Valid Format,Unclassified,2026-09-05 00:07:43
About Us,About Us,info@singingbowlshop.com,,https://yhst-55550633482849.store.turbify.net/info.html,Usa,Singing Bowls Usa Importer,Tavily,Valid Format,Unclassified,2026-09-05 00:07:43
"Singarena – Karaoke, Ai Voice Score & Voice Rooms","Singarena – Karaoke, Ai Voice Score & Voice Rooms",info@singarena.com,,https://singarena.com,Usa,Singing Bowls Usa Importer,Tavily,Valid Format,Unclassified,2026-09-05 00:07:43
Rate My Voice,Rate My Voice,support@screenapp.io,,https://screenapp.io/features/voice-test-online,Usa,Singing Bowls Usa Importer,Tavily,Valid Format,Unclassified,2026-09-05 00:07:43
Rate My Singing,Rate My Singing,daniel@anytospeech.com,,https://anytospeech.com/rate-my-singing,Usa,Singing Bowls Usa Importer,Tavily,Valid Format,Unclassified,2026-09-05 00:07:43
Singmeter,Singmeter,support@singmeter.com,,https://www.singmeter.com,Usa,Singing Bowls Usa Importer,Tavily,Valid Format,Unclassified,2026-09-05 00:07:43
Crystal Bowls Wholesale,Crystal Bowls Wholesale,sales@crystalbowlswholesale.com,,https://www.facebook.com/crystalbowlswholesale/,Usa,Singing Bowls Usa Importer (Searxng),SearXNG,Valid Format,Unclassified,2026-09-05 00:07:43
Faqs,Faqs,rain@isingingbowls.com,,https://www.isingingbowls.com/faqs/,Usa,Singing Bowls Usa Importer (Searxng),SearXNG,Valid Format,Unclassified,2026-09-05 00:07:43
Singing Bowl Wholesale From Nepal,Singing Bowl Wholesale From Nepal,support@studenthandicrafts.com,,https://studenthandicrafts.com/categories/singing-bowl/,Usa,Singing Bowls Importer Importer (Searxng),SearXNG,Valid Format,Unclassified,2026-09-05 00:02:10
Clear Pet Bowl & Rectangular Lids Manufacturer,Clear Pet Bowl & Rectangular Lids Manufacturer,info@ecofy.io,,https://ecofy.io/products/lids/,Usa,Singing Bowls Importer Importer (Searxng),SearXNG,Valid Format,Unclassified,2026-09-05 00:02:10
Email Finder By Contactout,Email Finder By Contactout,support@contactout.com,,https://contactout.com,Usa,Singing Bowls Importer,Tavily,Valid Format,Unclassified,2026-09-04 23:55:46
Contact,Contact,epc@poet.com,,https://poet.com/contact,Usa,Singing Bowls Importer,Tavily,Valid Format,Unclassified,2026-09-04 23:55:46
Contact,Contact,business@lindenlab.com,,https://lindenlab.com/contact,Usa,Singing Bowls Importer,Tavily,Valid Format,Unclassified,2026-09-04 23:55:46
Tilapia Fish And Fillet Importer/Wholesaler/Distributor,Tilapia Fish And Fillet Importer/Wholesaler/Distributor,info@mytilapia.com,,http://mytilapia.com/contact_Tilapia.aspx,Usa,Singing Bowls Wholesaler Usa Importer,Tavily,Valid Format,Unclassified,2026-09-04 23:43:14
Instagram,Instagram,support@singingbowlsound.com,0034-613,https://www.instagram.com/p/DcO7VLYjZcS,Usa,Singing Bowls Wholesaler Importer,Tavily,Valid Format,Unclassified,2026-09-04 23:13:36
Wholesale Singing Bowl Shipping & Lead Times,Wholesale Singing Bowl Shipping & Lead Times,besthimalayaglobal@gmail.com,,https://besthimalaya.com/blogs/singing-bowl/wholesale-singing-bowl-shipping-lead-times-what-global-buyers-need-to-know,Usa,Singing Bowls Wholesaler Importer,Tavily,Valid Format,Unclassified,2026-09-04 23:13:36
The Singing Bowl Manufacturer & Exporter Since 1959,The Singing Bowl Manufacturer & Exporter Since 1959,info@thesingingbowlcenter.com,,https://singingbowlsexporters.com,Usa,Singing Bowls Wholesaler Importer,Tavily,Valid Format,Unclassified,2026-09-04 23:13:36
J.P. Morgan Log In,J.P. Morgan Log In,trade.client.access@jpmchase.com,,https://www.jpmorganaccess.com,Usa,Singing Bowls Seller Usa Importer,Tavily,Valid Format,Unclassified,2026-09-04 23:01:54
Attachment Ii List Of Importers,Attachment Ii List Of Importers,support@goplusus.com,,https://www.internationaltradeinsights.com/wp-content/uploads/sites/610/2023/07/Attachment-II-Importers.pdf,Usa,Singing Bowls Seller Usa Importer,Tavily,Valid Format,Unclassified,2026-09-04 23:01:54
National Shippers Contact List,National Shippers Contact List,farmlandimports@sbcglobal.net,,https://www.ams.usda.gov/sites/default/files/media/NationalShippersContactList.pdf,Usa,Singing Bowls Seller Usa Importer,Tavily,Valid Format,Unclassified,2026-09-04 23:01:54
The White Pages Phone Book & Directory,The White Pages Phone Book & Directory,support@whitepages.com,,https://www.whitepages.com/white-pages,Usa,Singing Bowls Seller Usa Importer,Tavily,Valid Format,Unclassified,2026-09-04 23:01:54
About Us,About Us,admin@singingbowlshop.com,,https://yhst-55550633482849.store.turbify.net/info.html,Usa,Singing Bowls Seller Usa Importer,Tavily,Valid Format,Unclassified,2026-09-04 01:27:25
Singing Bowls Importers,Singing Bowls Importers,moe@adm.org,,https://www.exporthub.com/importers/singing-bowls,Usa,Singing Bowls Seller Usa Importer,Tavily,Valid Format,Unclassified,2026-09-04 01:27:25
"Tibetan Singing Bowl Set, Antique Design","Tibetan Singing Bowl Set, Antique Design",customercare@indiamart.com,,https://www.indiamart.com/proddetail/tibetan-singing-bowl-set-antique-design-15351334133.html,Usa,Singing Bowls Seller Usa Importer (Searxng),SearXNG,Valid Format,Unclassified,2026-09-04 01:27:25
Himalayas Shop,Himalayas Shop,info@himalayasshop.com,,https://www.himalayasshop.com/,Usa,Singing Bowls Seller Usa Importer (Searxng),SearXNG,Valid Format,Unclassified,2026-09-04 01:27:25
Attachment Ii List Of Importers,Attachment Ii List Of Importers,info@moxiusa.com,,https://www.internationaltradeinsights.com/wp-content/uploads/sites/610/2023/07/Attachment-II-Importers.pdf,Usa,Singing Bowls Seller Usa Importer,Tavily,Valid Format,Unclassified,2026-09-04 01:27:25
National Shippers Contact List,National Shippers Contact List,joep@voyagerfarmsllc.com,,https://www.ams.usda.gov/sites/default/files/media/NationalShippersContactList.pdf,Usa,Singing Bowls Seller Usa Importer,Tavily,Valid Format,Unclassified,2026-09-04 01:27:25
Handmade Soap Buyers & Importers,Handmade Soap Buyers & Importers,eximnasir@gmail.com,,https://www.go4worldbusiness.com/find?searchText=handmade-soap&BuyersOrSuppliers=buyers,Usa,Singing Bowls Importer Importer (Searxng),SearXNG,Valid Format,Unclassified,2026-09-04 01:23:00
Contact,Contact,name@company.com,,https://www.maersk.com/contact,Usa,Singing Bowls Importer Importer,Tavily,Valid Format,Unclassified,2026-09-04 01:23:00
Handmade Singing Bowl Manufacturer And Exporter,Handmade Singing Bowl Manufacturer And Exporter,ashwani.singingbowlexporter@gmail.com,,https://singingbowlsexporter.com/,Usa,Singing Bowls Importer Importer (Searxng),SearXNG,Valid Format,Unclassified,2026-09-04 01:23:00
Singing Bowl Wholesale From Nepal,Singing Bowl Wholesale From Nepal,info@studenthandicrafts.com,,https://studenthandicrafts.com/categories/singing-bowl/,Usa,Singing Bowls Importer Importer (Searxng),SearXNG,Valid Format,Unclassified,2026-09-04 01:23:00
Clear Pet Bowl & Rectangular Lids Manufacturer,Clear Pet Bowl & Rectangular Lids Manufacturer,export@ecofy.io,,https://ecofy.io/products/lids/,Usa,Singing Bowls Importer Importer (Searxng),SearXNG,Valid Format,Unclassified,2026-09-04 01:23:00
Singing Bowl Buyers & Importers In United States,Singing Bowl Buyers & Importers In United States,connect@trademo.com,,https://www.trademo.com/united-states/buyers/singing-bowl/6,Usa,Singing Bowls Seller Importer,Tavily,Valid Format,Unclassified,2026-09-04 01:16:31
Singing Bowls Sales Market Research Report 2034,Singing Bowls Sales Market Research Report 2034,sales@dataintelo.com,,https://dataintelo.com/report/global-singing-bowls-sales-market,Usa,Singing Bowls Seller Importer,Tavily,Valid Format,Unclassified,2026-09-04 01:16:31
Singing Bowls Market Size And Forecast,Singing Bowls Market Size And Forecast,enquiries@verifiedmarketresearch.com,,https://www.verifiedmarketresearch.com/product/singing-bowls-market,Usa,Singing Bowls Seller Importer,Tavily,Valid Format,Unclassified,2026-09-04 01:16:31
Customer Support – Evertone Singing Bowls,Customer Support – Evertone Singing Bowls,orders@evertonesingingbowls.com,,https://evertonesingingbowls.com/pages/himalayan-singing-bowl-buyers-guide,Usa,Singing Bowls Seller Importer,Tavily,Valid Format,Unclassified,2026-09-04 01:16:31
We Don'T Manufacture Singing Bowls Just To Make Them Look Beautiful ...,We Don'T Manufacture Singing Bowls Just To Make Them Look Beautiful ...,gacxpress.nepal1@gmail.com,009779851,https://www.instagram.com/p/DcO7VLYjZcS,Usa,Singing Bowls Seller Importer,Tavily,Valid Format,Unclassified,2026-09-04 01:16:31
Export Business Mart,Export Business Mart,support@exportbusinessmart.com,,https://www.exportbusinessmart.com/,Usa,Singing Bowls Seller Importer (Searxng),SearXNG,Valid Format,Unclassified,2026-09-04 01:16:31
Hall No. 16 Exhibitors List,Hall No. 16 Exhibitors List,mails@epch.com,,https://ihgfdelhifair.in/mis/Exhibitors/hall16,Usa,Singing Bowls Seller Importer (Searxng),SearXNG,Valid Format,Unclassified,2026-09-04 01:16:31
Soul Star Chakra Crystal Singing Bowls,Soul Star Chakra Crystal Singing Bowls,customer@rainbowsounds.co,,https://www.rainbowsounds.co/products/soul-star-crystal-singing-bowl,Usa,Singing Bowls Usa Importer (Searxng),SearXNG,Valid Format,Unclassified,2026-09-04 01:15:31
Frosted Quartz Crystal Singing Bowl Buyers & Importers,Frosted Quartz Crystal Singing Bowl Buyers & Importers,sales@sownseedo.com,,https://www.go4worldbusiness.com/find?searchText=frosted+quartz+crystal+singing+bowl&BuyersOrSuppliers=buyers,Usa,Singing Bowls Usa Importer,Google + Website,Valid Format,Unclassified,2026-09-04 00:40:25
Contact Isingingbowls,Contact Isingingbowls,john@example.com,,https://www.isingingbowls.com/contact-us,Usa,Singing Bowls Usa Importer,Google + Website,Valid Format,Unclassified,2026-09-04 00:40:25
Autohub - Buyer Beware: Uk Scam Aimed At Usa Vehicle...,Autohub - Buyer Beware: Uk Scam Aimed At Usa Vehicle...,john@autohub.co.nz,,https://www.facebook.com/Autohubco/posts/buyer-beware-uk-scam-aimed-at-usa-vehicle-buyers-using-the-autohub-namethere-app/390955607772333,Usa,Singing Bowls Usa Wholesaler (Facebook),Facebook,Valid Format,Unclassified,2026-09-04 00:40:25
"China Wholesale Singing Bowls Suppliers, Manufacturers (Oem, Odm, & Obm) & Factory List","China Wholesale Singing Bowls Suppliers, Manufacturers (Oem, Odm, & Obm) & Factory List",805d51b304096686c0ad3443490c67a0@sentry.globalsources.com,,https://www.globalsources.com/china-suppliers/singing-bowls.htm,Usa,Singing Bowls Usa Importer,Google + Website,Valid Format,Unclassified,2026-09-04 00:40:25
"Singing Bowls Market Size, Trends & Forecast 2035","Singing Bowls Market Size, Trends & Forecast 2035",info@wiseguyreports.com,,https://www.wiseguyreports.com/reports/singing-bowls-market,Usa,Singing Bowls Usa Importer,Google + Website,Valid Format,Unclassified,2026-09-04 00:40:25
Tibetan Handmade Singing Bowls Wholesale,Tibetan Handmade Singing Bowls Wholesale,handmadesingingbowl01@gmail.com,,https://www.facebook.com/TibetanHandmadeSingingBowls,Usa,Singing Bowls Wholesaler Usa Wholesaler (Facebook),Facebook,Valid Format,Unclassified,2026-09-04 00:36:23
Us Ingredients Llc - Www.Usingredients.Com,Us Ingredients Llc - Www.Usingredients.Com,info@usingredients.com,,https://www.linkedin.com/company/us-ingredients-llc,Usa,Singing Bowls Wholesaler Usa Importer (Linkedin),LinkedIn,Valid Format,Unclassified,2026-09-04 00:36:23
Merchandise Usa Closeout Buyers - Overstock And Liquidation Buyers,Merchandise Usa Closeout Buyers - Overstock And Liquidation Buyers,closeouts@merchandiseusa.com,,https://www.linkedin.com/company/merchandise-usa,Usa,Singing Bowls Wholesaler Usa Importer (Linkedin),LinkedIn,Valid Format,Unclassified,2026-09-04 00:36:23
Contact Us,Contact Us,supplierinquiries@sanmar.com,,https://www.sanmar.com/contactus,Usa,Singing Bowls Seller Importer,Google,Valid Format,Unclassified,2026-09-04 00:33:37
Singing Bowl Buyers & Importers In United States,Singing Bowl Buyers & Importers In United States,partnership@trademo.com,,https://www.trademo.com/united-states/buyers/singing-bowl/6,Usa,Singing Bowls Importer Importer,Google + Website,Valid Format,Unclassified,2026-09-04 00:30:35
Contact,Contact,abc@example.com,,http://mccollum.house.gov/contact,Usa,Singing Bowls Importer Importer,Google + Website,Valid Format,Unclassified,2026-09-04 00:30:35
Gmail,Gmail,press@google.com,,https://mail.google.com,Usa,Singing Bowls Importer Importer,Google + Website,Valid Format,Unclassified,2026-09-04 00:30:35
"Usa Importer Wanted, Usa Importer Wanted Manufacturers","Usa Importer Wanted, Usa Importer Wanted Manufacturers",eg.sample@xyz.com,,https://us.tradekey.com/importer-wanted.htm,Usa,Bowls Seller Importer,Google + Website,Valid Format,Unclassified,2026-09-04 00:21:54
Ernesto E. Aguirre - Importer & Distributor Of Ultra-Premium ...,Ernesto E. Aguirre - Importer & Distributor Of Ultra-Premium ...,welcome@dohbamezcal.com,,https://www.linkedin.com/in/aguirretequilaimports,Usa,Bowls Seller Importer (Linkedin),LinkedIn,Valid Format,Unclassified,2026-09-04 00:21:54
Global Buyer Sourcing - Global Buyer Sourcing,Global Buyer Sourcing - Global Buyer Sourcing,gbsourcingbd@gmail.com,,https://www.linkedin.com/in/global-buyer-sourcing-0a07bb163,Usa,Bowls Seller Importer (Linkedin),LinkedIn,Valid Format,Unclassified,2026-09-04 00:21:54
Importer And Distributor,Importer And Distributor,info@castlecf.com,,https://castlecf.com/project/importer-and-distributor,Usa,Bowls Seller Importer,Google + Website,Valid Format,Unclassified,2026-09-04 00:21:54
Big News! Mighty Bowl Company Is Officially For Sale! Who Out ...,Big News! Mighty Bowl Company Is Officially For Sale! Who Out ...,forsale@themightybowl.com,,https://www.facebook.com/themightybowl/videos/big-news-mighty-bowl-company-is-officially-for-sale-who-out-there-wants-to-own-t/2074295526709679,Usa,Bowls Seller Wholesaler (Facebook),Facebook,Valid Format,Unclassified,2026-09-04 00:21:54
Contact,Contact,support@petalcard.com,,https://www.petalcard.com/contact,Usa,Singing Bowls Seller Importer,Google,Valid Format,Unclassified,2026-09-04 00:18:47
"Fertilizer Buyer, Seller, Importer, Trader – Urea, Can, Dap, Npk, Map, Mop | 🌍 Global Fertilizer Market Analysis – November 17, 2025","Fertilizer Buyer, Seller, Importer, Trader – Urea, Can, Dap, Npk, Map, Mop | 🌍 Global Fertilizer Market Analysis – November 17, 2025",franjeri1001@gmail.com,,https://www.facebook.com/groups/vietgrofertilizer/posts/1933157727546767,Usa,Singing Bowls Seller Wholesaler (Facebook),Facebook,Valid Format,Unclassified,2026-09-04 00:18:47
Attachment Ii List Of Importers,Attachment Ii List Of Importers,csr@mlilyusa.com,,https://www.internationaltradeinsights.com/wp-content/uploads/sites/610/2023/07/Attachment-II-Importers.pdf,Usa,Singing Bowls Seller Importer,Google,Valid Format,Unclassified,2026-09-04 00:18:47
"Fertilizer Buyer, Seller, Importer, Trader – Urea, Can, Dap, Npk, Map, Mop | Calcium Ammonium Nitrate, Large Quantities In Stock And Ready To Ship At Any Time","Fertilizer Buyer, Seller, Importer, Trader – Urea, Can, Dap, Npk, Map, Mop | Calcium Ammonium Nitrate, Large Quantities In Stock And Ready To Ship At Any Time",lilywanging@gmail.com,,https://www.facebook.com/groups/vietgrofertilizer/posts/1884102345785639,Usa,Singing Bowls Seller Wholesaler (Facebook),Facebook,Valid Format,Unclassified,2026-09-04 00:18:47
"Fertilizer Buyer, Seller, Importer, Trader – Urea, Can, Dap, Npk, Map, Mop | 🌍 [Fertilizer Market Update – August 2025]","Fertilizer Buyer, Seller, Importer, Trader – Urea, Can, Dap, Npk, Map, Mop | 🌍 [Fertilizer Market Update – August 2025]",info@vietgro.com,,https://www.facebook.com/groups/vietgrofertilizer/posts/1844053413123866,Usa,Singing Bowls Seller Wholesaler (Facebook),Facebook,Valid Format,Unclassified,2026-09-04 00:18:47
"King Crude Oil And Gas Buyer And Seller | Dear Sir/Madam,","King Crude Oil And Gas Buyer And Seller | Dear Sir/Madam,",info@arc-vlogistic.com,,https://www.facebook.com/groups/325273583552761/posts/784690747611040,Usa,Singing Bowls Seller Wholesaler (Facebook),Facebook,Valid Format,Unclassified,2026-09-04 00:18:47
J.P. Morgan Log In,J.P. Morgan Log In,support_capitalconnect@jpmorgan.com,,https://www.jpmorganaccess.com,Usa,Singing Bowls Seller Importer,Google + Website,Valid Format,Unclassified,2026-09-04 00:18:47
Raz Imports Inc.,Raz Imports Inc.,raz@razimports.com,,https://www.linkedin.com/company/raz-imports-inc,Usa,Singing Bowls Seller Importer (Linkedin),LinkedIn,Valid Format,Unclassified,2026-09-04 00:17:24
Singing Bowl Wholesale Supplier,Singing Bowl Wholesale Supplier,contactus@exporthub.com,,https://www.exporthub.com/singing-bowls-manufacturers,Usa,Singing Bowls Importer Importer,Google,Valid Format,Unclassified,2026-09-04 00:09:52
Find The Distributor,Find The Distributor,sales@findthedistributor.com,,https://www.linkedin.com/in/findthedistributor,Usa,Singing Bowls Wholesaler Usa Importer (Linkedin),LinkedIn,Valid Format,Unclassified,2026-09-04 00:06:29
"Wholesale Recruiting Solutions, Llc - The Electrical Distribution And Manufacturer Rep Recruiting Experts","Wholesale Recruiting Solutions, Llc - The Electrical Distribution And Manufacturer Rep Recruiting Experts",prudence@wholesalerecruitingsolutions.com,,https://www.linkedin.com/company/wholesale-recruiting-solutions,Usa,Singing Bowls Wholesaler Usa Importer (Linkedin),LinkedIn,Valid Format,Unclassified,2026-09-04 00:06:29
"Usa Singing Bowls Importers, Buyers And Distributors","Usa Singing Bowls Importers, Buyers And Distributors",contactus@tradekey.com,,https://importer.tradekey.com/us/singing-bowls.htm,Usa,Singing Bowls Wholesaler Usa Importer,Google + Website,Valid Format,Unclassified,2026-09-03 00:55:53
Gopali Authentic Tibetan Singing Bowls & Sound Healing In St ...,Gopali Authentic Tibetan Singing Bowls & Sound Healing In St ...,gopaliimports@gmail.com,,https://gopaliimports.com,Usa,Singing Bowls Wholesaler Usa Importer,Google + Website,Valid Format,Unclassified,2026-09-03 00:55:53
Frosted Quartz Crystal Singing Bowl Buyers & Importers,Frosted Quartz Crystal Singing Bowl Buyers & Importers,info@go4futuro.com,,https://www.go4worldbusiness.com/find?searchText=frosted+quartz+crystal+singing+bowl&BuyersOrSuppliers=buyers,Usa,Singing Bowls Wholesaler Usa Importer,Google + Website,Valid Format,Unclassified,2026-09-03 00:55:53
Spices Market For Importer And Exporter | A-B Whole Cassia For Export - Competitive Prices & High Quality,Spices Market For Importer And Exporter | A-B Whole Cassia For Export - Competitive Prices & High Quality,info@vntc.net.vn,,https://www.facebook.com/groups/1322284491267658/posts/3188135221349233,Usa,Singing Bowls Importer Wholesaler (Facebook),Facebook,Valid Format,Unclassified,2026-09-03 00:43:12
Sacred Sound Of The Soul,Sacred Sound Of The Soul,catrina@sacredsoundofthesoul.com,,https://sacredsoundofthesoul.com,Usa,Singing Bowls Importer,Google,Valid Format,Unclassified,2026-09-03 00:43:11
Contacts Help,Contacts Help,smart.journey.prober@gmail.com,,https://support.google.com/contacts?hl=en,Usa,Singing Bowls Importer,Google + Website,Valid Format,Unclassified,2026-09-03 00:19:26
How To Sing,How To Sing,example@domain.com,,https://singingcarrots.com/how-to-sing,Usa,Singing Bowls Importer,Google + Website,Valid Format,Unclassified,2026-09-02 22:59:30
Contacts Help,Contacts Help,asxvmprobertest@gmail.com,,https://support.google.com/contacts?hl=en,Usa,Singing Bowls Importer,Google + Website,Valid Format,Unclassified,2026-09-02 00:16:06
Home,Home,u002f1e1d2d009c144835b2bcd8bbe8917d0f@sentry.io,,https://robinhood.com/contact,Usa,Singing Bowls Importer,Google + Website,Valid Format,Unclassified,2026-09-02 00:16:06
Katerina Myroshnyk,Katerina Myroshnyk,info@dsn.group,,https://ua.linkedin.com/in/katerina-myroshnyk/en,Usa,Singing Bowls Importer (Linkedin),LinkedIn,Valid Format,Unclassified,2026-09-02 00:16:06
Wholesale Singing Bowls And Accessories,Wholesale Singing Bowls And Accessories,your@email.com,,https://healingsingingbowls.com,Usa,Singing Bowls Importer,Google + Website,Valid Format,Unclassified,2026-09-01 00:32:42
Singmeter,Singmeter,your.email@example.com,,https://www.singmeter.com,Usa,Singing Bowls Importer,Google + Website,Valid Format,Unclassified,2026-09-01 00:32:42
Frosted Quartz Crystal Singing Bowl Buyers & Importers,Frosted Quartz Crystal Singing Bowl Buyers & Importers,mohammed@maghco.sa,,https://www.go4worldbusiness.com/find?searchText=frosted+quartz+crystal+singing+bowl&BuyersOrSuppliers=buyers,Usa,Singing Bowls Importer,Google + Website,Valid Format,Unclassified,2026-09-01 00:10:21
Frosted Quartz Crystal Singing Bowl Buyers & Importers,Frosted Quartz Crystal Singing Bowl Buyers & Importers,info@belmontoilgas.com,,https://www.go4worldbusiness.com/find?searchText=frosted+quartz+crystal+singing+bowl&BuyersOrSuppliers=buyers,Usa,Singing Bowls Wholesaler Usa Importer,Google + Website,Valid Format,Unclassified,2026-08-31 23:38
Decorative Candle Holders For Home Décor,Decorative Candle Holders For Home Décor,tradeoneusa@gmail.com,,https://www.vdimporters.com/candle-holders/?srsltid\u003dAfmBOorVBHaORFSkTsM46CgUjt0nBDTPnCWPloqTjQQVRVCn_ZHI02Hm,Usa,Crystal Candle Holder Importer,Google + Website,Valid Format,Unclassified,2026-08-31 22:04
United States Candle Holders Buyers And Importers List!,United States Candle Holders Buyers And Importers List!,support@tradewheel.com,,https://www.tradewheel.com/buyers/candle-holders/usa/,Usa,Crystal Candle Holder Importer,Google + Website,Valid Format,Unclassified,2026-08-31 22:04
Wholesale Glass Candle Holders Manufacturer,Wholesale Glass Candle Holders Manufacturer,ryan@yubaiglass.com,,https://www.yubaiglass.com/products/candle-glassware/candle-holders/,Usa,Crystal Candle Holder Importer,Google + Website,Valid Format,Unclassified,2026-08-31 22:04
Crystal Candle Holder Wholesale Supplier,Crystal Candle Holder Wholesale Supplier,foryou@foryoudecor.com,,https://www.foryoudecor.com/products/crystal-candle-holder/,Usa,Crystal Candle Holder Importer,Google + Website,Valid Format,Unclassified,2026-08-31 22:04
China Crystal Candle Holder Buyers & Importers,China Crystal Candle Holder Buyers & Importers,info@ace-chn.om,,https://importer.tradeford.com/china-crystal-candle-holder,Usa,Crystal Candle Holder Importer,Google,Valid Format,Unclassified,2026-08-31 22:04
Alishba Impex,Alishba Impex,info@alishbaimpex.com,,https://in.linkedin.com/company/alishba-impex,Usa,Crystal Candle Holder Importer (Linkedin),LinkedIn,Valid Format,Unclassified,2026-08-28 01:01
We'Re Manufacture And Wholesaler Of Home Decor Products ...,We'Re Manufacture And Wholesaler Of Home Decor Products ...,evecraftoverseas.info@gmail.com,,https://www.facebook.com/100086635692151/posts/candlestick-holder-candle-standabout-uswere-manufacture-and-wholesaler-of-home-d/113546798209843/,Usa,Crystal Candle Holder Wholesaler (Facebook),Facebook,Valid Format,Unclassified,2026-08-28 01:01
Daniel /Cosmetic Packaging/ Home Decoration,Daniel /Cosmetic Packaging/ Home Decoration,daniel@cregapak.com,,https://cn.linkedin.com/in/daniel-cosmetic-packaging-home-decoration-6100b9108,Usa,Candle Holder Importer (Linkedin),LinkedIn,Valid Format,Unclassified,2026-08-28 01:01
Zaryat Siddiqui - Indian Manufacture | Home Decor | Bulk ...,Zaryat Siddiqui - Indian Manufacture | Home Decor | Bulk ...,sardarhussainimpex@gmail.com,,https://in.linkedin.com/in/zaryat-siddiqui-a51878371,Usa,Candle Holder Importer (Linkedin),LinkedIn,Valid Format,Unclassified,2026-08-28 01:01
A.H. Handicrafts Inc.,A.H. Handicrafts Inc.,a.h.handicraftsinc@gmail.com,,https://in.linkedin.com/company/a-h-handicrafts-inc,Usa,Candle Holder Importer (Linkedin),LinkedIn,Valid Format,Unclassified,2026-08-28 01:01
Alayna Stiffler - Sr. Team Leader/Fragrance Consultant & Direct ...,Alayna Stiffler - Sr. Team Leader/Fragrance Consultant & Direct ...,lovefreecandles@verizon.net,,https://www.linkedin.com/in/alayna-stiffler-8a98566,Usa,Candle Holder Importer (Linkedin),LinkedIn,Valid Format,Unclassified,2026-08-28 01:01
Asian Exportex,Asian Exportex,info@asianexportex.com,,https://www.facebook.com/asianexportex/posts/premium-metal-candle-holder-decor-for-modern-spacesenhance-your-interiors-with-m/897727729677005/,Usa,Candle Holder Wholesaler (Facebook),Facebook,Valid Format,Unclassified,2026-08-28 01:01
Candles Holder For Rental. For Inquiry 0818293582 ...,Candles Holder For Rental. For Inquiry 0818293582 ...,elsevent2012@gmail.com,,https://www.facebook.com/elseventmanagement/posts/candles-holder-for-rental-for-inquiry-08182935820812923560-email-elsevent2012gma/1986029394934038/,Usa,Candle Holder Wholesaler (Facebook),Facebook,Valid Format,Unclassified,2026-08-28 01:01
L'Aroma Usa - Manufacturer And Distributor Of Scented Candles,L'Aroma Usa - Manufacturer And Distributor Of Scented Candles,laromausa@gmail.com,,https://www.linkedin.com/in/l-aroma-usa-77193227,Usa,Candle Importer (Linkedin),LinkedIn,Valid Format,Unclassified,2026-08-28 00:51
United States Candle Holders Buyers And Importers List!,United States Candle Holders Buyers And Importers List!,info@tradewheel.com,,https://www.tradewheel.com/buyers/candle-holders/usa/,Usa,Crystal Candle Holder Importer,Google + Website,Valid Format,Unclassified,2026-08-28 00:36
Frosted Quartz Crystal Singing Bowl Buyers & Importers,Frosted Quartz Crystal Singing Bowl Buyers & Importers,sales.bhavatuorganic@gmail.com,,https://www.go4worldbusiness.com/find?searchText\u003dfrosted+quartz+crystal+singing+bowl\u0026BuyersOrSuppliers\u003dbuyers,Usa,Singing Bowls Importer,Google + Website,Valid Format,Unclassified,2026-08-27 22:12
Frosted Quartz Crystal Singing Bowl Buyers & Importers,Frosted Quartz Crystal Singing Bowl Buyers & Importers,ashok560@yahoo.com,,https://www.go4worldbusiness.com/find?searchText=frosted+quartz+crystal+singing+bowl&BuyersOrSuppliers=buyers,Usa,Singing Bowls Importer,Google + Website,Valid Format,Unclassified,2026-08-26 21:29
Frosted Quartz Crystal Singing Bowl Buyers & Importers,Frosted Quartz Crystal Singing Bowl Buyers & Importers,sales@danaexport.com.eg,,https://www.go4worldbusiness.com/find?searchText=frosted+quartz+crystal+singing+bowl&BuyersOrSuppliers=buyers,Usa,Singing Bowls Importer,Google + Website,Valid Format,Unclassified,2026-08-24 15:10
